lead1,lead2,lead3
-37,-56,-65
-18,-42,-59
-2,-21,-48
5,-14,-20
10,-11,-6
29,-37,1
35,-55,2
13,-71,3
2,-80,-7
-25,-80,-20
-45,-69,-25
-33,-49,-63
-8,-29,-82
25,-3,-40
26,-2,-8
16,-9,10
-33,-30,4
-53,-38,1
-80,-41,-3
-84,-41,-14
-62,-48,-25
-48,-48,-28
-27,-29,-38
8,-4,-35
26,9,-33
33,14,-30
16,11,-24
14,18,-2
13,21,8
-14,6,14
-77,-46,2
-102,-67,-3
-127,-102,-12
-108,-101,-23
-94,-95,-27
-83,-85,-41
-67,-83,-74
-57,-78,-85
-15,-35,-71
24,2,-39
28,7,-17
21,6,-3
-2,-14,-1
-13,-22,0
-44,-46,-12
-77,-83,-30
-87,-95,-46
-86,-94,-51
-66,-74,-48
-35,-38,-39
3,-5,-37
20,10,-34
42,16,-27
38,8,-24
38,15,-30
26,7,-19
-27,-27,-2
-64,-75,-8
-89,-109,-38
-84,-125,-53
-58,-116,-77
-21,-79,-101
-6,-56,-95
5,-27,-80
11,-13,-57
17,5,-44
11,10,-33
-31,0,-23
-66,-24,-12
-94,-46,-7
-94,-58,-27
-67,-55,-57
-22,-31,-62
38,16,-50
42,34,-42
38,37,-39
15,28,-22
-37,-6,-14
-70,-45,-17
-77,-62,-5
-59,-47,-7
-34,-18,-37
-29,39,-47
-15,96,-52
-5,114,-32
-28,137,4
-46,138,30
-72,97,56
-80,74,65
-108,33,97
-145,7,93
-154,-5,87
-173,-18,73
-190,-36,76
-207,-50,58
-204,-53,31
-194,-51,17
-182,-62,48
-167,-47,78
-167,-89,88
-153,-108,76
-121,-146,42
-96,-226,-23
-94,-289,-68
-91,-312,-107
-90,-308,-147
-85,-290,-158
-44,-251,-183
13,-195,-186
42,-137,-173
75,-102,-159
86,-81,-144
106,-79,-135
92,-73,-132
65,-74,-121
49,-71,-101
45,-58,-87
22,-43,-84
11,-34,-78
16,1,-77
37,43,-82
58,57,-80
88,101,-52
97,115,-42
83,121,-35
67,112,-29
54,82,-34
29,49,-33
-2,27,-43
-23,24,-54
-14,40,-59
17,45,-85
30,45,-92
58,47,-102
54,71,-67
44,70,-33
19,48,-20
-17,16,-15
-39,-16,-33
-40,-57,-45
-20,-58,-45
-6,-39,-55
9,-22,-73
32,8,-81
40,18,-87
41,22,-85
15,-3,-72
-9,-22,-41
-29,-27,-8
-36,-28,8
-50,-58,9
-52,-104,0
-50,-120,-4
-36,-108,-31
-15,-87,-49
-5,-68,-79
10,-55,-88
29,-42,-96
38,-17,-72
34,2,-47
25,2,-22
21,2,-9
3,-37,0
-33,-52,-5
-44,-54,-15
-47,-52,-19
-51,-75,-28
-59,-84,-35
-46,-73,-48
-38,-45,-75
-11,-8,-63
3,9,-54
24,2,-31
60,-3,-27
46,6,-1
37,11,11
-6,-11,1
-66,-61,-18
-105,-74,-29
-81,-93,-48
-43,-57,-82
-14,-38,-93
29,-26,-83
72,-25,-72
84,-35,-48
65,-32,-32
27,-41,-33
9,-43,-32
-35,-65,-27
-70,-88,-38
-92,-106,-66
-98,-109,-75
-90,-91,-85
-54,-50,-69
-11,0,-55
18,10,-60
31,2,-49
-7,-15,-13
-54,-52,-4
-86,-64,-9
-82,-70,-16
-90,-71,-26
-80,-53,-57
-25,-29,-63
21,-7,-40
21,-11,-31
20,-12,-25
-31,1,-33
-52,7,-34
-71,-30,-19
-88,-80,-17
-92,-99,-16
-98,-90,-23
-95,-77,-40
-89,-67,-45
-71,-64,-55
-39,-53,-64
-21,-19,-73
-12,-48,-73
-10,-7,-68
11,11,-62
17,10,-39
25,-40,-4
28,-60,12
2,-86,22
-60,-67,1
-85,-55,-8
-112,-38,-38
-112,-35,-45
-63,-29,-56
-18,-26,-62
-7,-7,-56
-2,2,-51
-12,10,-26
3,8,-4
23,-20,6
-12,-42,13
-55,-50,8
-83,-57,-12
-91,-47,-45
-74,-32,-63
-13,-7,-55
30,6,-51
45,3,-45
34,-11,-27
13,-14,-3
-9,-23,13
-32,-67,10
-63,-99,-11
-80,-101,-46
-68,-83,-75
-37,-51,-93
6,-13,-83
44,-5,-64
44,-12,-56
38,-30,-44
67,-37,-39
12,-79,-43
-25,-123,-57
-18,-136,-78
15,-120,-95
29,-56,-96
39,-22,-98
41,-6,-93
49,-3,-83
49,-13,-60
47,-44,-44
14,-81,-51
-47,-96,-42
-72,-112,-43
-51,-113,-67
-23,-89,-90
5,-63,-93
31,-23,-78
45,15,-58
37,24,-46
31,27,-39
24,23,-37
5,-14,-30
-24,-76,-20
-36,-100,-14
-47,-107,-27
-44,-98,-61
-27,-76,-77
-20,-34,-75
0,-13,-69
5,15,-59
9,24,-47
37,23,-26
63,24,-3
60,3,10
36,-34,7
24,-49,5
-3,-64,-44
-41,-68,-74
-56,-66,-86
-42,-62,-86
-4,-41,-81
21,-17,-69
39,-9,-52
42,-4,-26
21,5,-1
-11,-10,4
-25,-16,6
-42,-48,-12
-57,-72,-24
-67,-63,-33
-57,-50,-41
-49,-41,-42
-22,-29,-55
17,-3,-68
33,9,-70
56,17,-47
67,8,-45
75,-16,-51
60,-35,-37
14,-61,-34
-12,-90,-62
-26,-104,-77
-31,-104,-80
-34,-89,-92
-9,-58,-92
3,-41,-87
14,-20,-71
2,-3,-52
-3,5,-41
1,18,-12
11,18,15
15,17,27
-2,-29,22
-39,-52,5
-54,-59,-3
-67,-57,-17
-63,-62,-22
-58,-61,-23
-48,-58,-27
-23,-36,-39
-10,-24,-43
24,6,-51
32,27,-40
34,35,-36
33,42,-32
37,35,-4
17,1,14
8,-14,22
-32,-32,18
-54,-53,1
-61,-59,-6
-55,-78,-23
-49,-82,-29
32,-25,-34
38,-23,-37
19,-26,-37
5,-54,-44
-25,-83,-49
-56,-101,-60
-61,-109,-90
-56,-95,-118
-27,-70,-118
-13,-35,-114
25,-17,-106
35,0,-105
33,-1,-97
29,-11,-76
26,-14,-62
3,-41,-44
-15,-71,-27
-23,-81,-18
-46,-87,-25
-44,-64,-45
-58,-32,-61
-33,13,-46
19,40,-37
43,45,-23
48,27,-13
36,-13,-6
1,-66,-15
-17,-104,-21
-34,-113,-42
-43,-100,-57
-45,-89,-61
-29,-56,-69
15,-4,-89
72,26,-100
95,38,-99
100,30,-87
87,8,-63
77,-2,-48
69,-11,-29
10,-30,-9
-16,-37,1
-55,-69,0
-61,-91,-7
-38,-88,-27
-20,-76,-52
-26,-68,-66
-25,-31,-77
-23,-12,-78
9,10,-65
28,19,-61
36,15,-39
23,13,-27
9,5,-13
3,1,-10
-22,-26,-9
-49,-57,-5
-58,-71,-13
-58,-80,-45
-41,-80,-83
-19,-63,-101
-8,-51,-104
20,-32,-108
20,-8,-87
-2,-3,-48
-20,5,-31
-38,-26,-27
-43,-92,-17
-65,-117,-11
-72,-117,-28
-70,-87,-39
-59,-77,-49
-42,-59,-55
-23,-41,-67
6,-31,-70
19,-36,-46
26,-37,-33
9,-53,-21
-11,-71,-19
-20,-75,-18
-13,-72,8
-16,-80,20
-20,-89,5
-8,-94,-36
11,-88,-62
22,-66,-61
33,-36,-43
30,-18,-21
6,-41,1
-5,-48,12
-31,-76,-1
-68,-109,-8
-62,-124,-13
-37,-86,-38
-24,-64,-47
-3,-34,-59
20,-19,-53
50,-5,-29
61,2,-16
50,-7,-4
48,-24,-6
44,-31,-23
6,-48,-29
-33,-72,-35
-49,-79,-24
-53,-86,-18
-66,-86,-41
-63,-83,-76
-59,-53,-72
-16,-27,-53
31,-19,-65
51,-14,-67
48,7,-67
44,20,-41
27,-5,-17
18,-16,-4
-19,-39,-8
-41,-47,-13
-44,-52,-26
-29,-46,-41
-21,-40,-38
-6,-33,-35
16,0,-25
42,48,-28
59,69,-28
54,74,-16
39,83,8
11,74,20
-31,55,34
-68,31,16
-71,35,16
-68,35,16
-56,50,24
-42,77,41
-36,86,71
-41,100,81
-66,67,115
-74,6,132
-112,-21,134
-181,-67,122
-202,-118,124
-239,-135,118
-268,-153,101
-271,-178,63
-226,-196,8
-87,-191,-64
5,-188,-108
51,-199,-123
66,-208,-125
45,-220,-126
33,-247,-139
22,-240,-147
9,-220,-137
14,-206,-138
15,-189,-132
40,-158,-132
86,-110,-134
103,-68,-127
136,-46,-117
150,-23,-92
149,-12,-72
132,10,-60
110,20,-42
83,14,-20
46,21,-7
27,23,-1
-10,13,-4
-25,-5,-31
-27,-11,-53
-94,1,-74
-17,7,-79
38,59,-53
53,80,-38
44,84,-15
38,50,-3
26,12,-6
5,-17,-13
-31,-36,-31
-45,-42,-44
-47,-40,-47
-36,-48,-61
-29,-49,-64
-2,-39,-88
39,-20,-99
69,6,-78
76,37,-45
58,29,-21
47,24,-9
18,7,-5
-20,-20,-15
-36,-64,-20
-37,-80,-16
-35,-83,-22
-44,-78,-23
-29,-55,-43
-21,-28,-64
9,-14,-70
40,7,-77
46,44,-76
46,39,-58
31,0,-25
-6,-32,-8
-23,-45,0
-56,-52,-8
-77,-66,-11
-83,-69,-11
-83,-78,-13
-64,-84,-30
-29,-64,-56
-12,-52,-76
29,-12,-25
37,10,-13
19,13,8
-1,-12,5
-11,-35,-3
-14,-41,-13
-15,-41,-17
-12,-39,-58
13,-3,-78
37,22,-77
43,20,-67
33,22,-25
17,2,8
-4,-15,22
-31,-18,19
-41,-18,1
-43,-30,-7
-30,-46,-32
-23,-51,-48
-12,-58,-56
-4,-46,-57
18,-25,-46
53,-4,-34
59,4,-16
37,-8,0
10,-23,20
-24,-37,14
-49,-59,-15
-62,-81,-40
-58,-92,-48
-53,-119,-66
-31,-74,-71
-14,-25,-61
-4,0,-38
-2,12,-29
-1,18,-23
-20,15,-14
-49,-7,-4
-56,-29,11
-56,-37,9
-47,-42,-10
-41,-21,-52
-22,-7,-75
1,-13,-88
12,-6,-84
5,0,-60
-1,-18,-30
-4,-25,-15
-24,-55,25
-61,-61,41
-81,-57,40
-79,-52,15
-71,-29,-23
-49,-10,-45
-29,19,-60
1,37,-58
21,50,-41
14,39,-24
-18,-1,-10
-46,-47,-9
-68,-69,-29
-95,-81,-48
-99,-83,-59
-96,-72,-78
-58,-64,-83
-4,-35,-81
16,-14,-60
8,-16,-48
-4,-16,-38
-18,-27,-14
-44,-68,-2
-62,-122,-10
-57,-128,-31
-52,-124,-39
-44,-111,-50
-57,-85,-45
-43,-53,-42
-34,-36,-39
15,-29,-56
49,-9,-60
60,8,-51
38,-1,-32
7,-22,-19
-8,-40,-25
-16,-54,-34
-24,-72,-41
-21,-68,-71
-8,-47,-93
24,-11,-82
16,11,-60
64,20,-43
63,23,-22
62,36,-11
48,22,15
40,-31,22
8,-53,24
-16,-82,7
-40,-83,-17
-46,-67,-36
-30,-67,-63
3,-50,-72
25,-18,-63
41,3,-43
46,-1,-20
32,-18,1
-4,-31,1
-41,-31,-20
-60,-43,-43
-65,-65,-58
-64,-72,-91
-42,-47,-104
-4,-27,-100
11,-14,-71
22,4,-36
6,-14,-10
-42,-51,0
-66,-68,6
-69,-59,-13
-57,-57,-52
-49,-48,-90
-32,-42,-105
-3,-28,-106
18,-1,-101
21,7,-75
12,-1,-33
-3,-19,-6
-10,-25,-39
-32,-45,-1
-36,-46,-2
-45,-43,-35
-46,-39,-45
-43,-63,-52
-39,-32,-50
-35,-8,-56
-31,4,-56
-27,10,-53
-30,6,-38
-11,-2,-31
-5,-16,-7
-2,-21,5
-32,-50,1
-37,-95,-19
-46,-119,-42
-63,-100,-62
-58,-55,-79
-19,-20,-81
12,-5,-86
26,2,-83
29,-2,-59
10,-6,-33
-23,-35,-10
-50,-75,11
-70,-95,17
-73,-93,-8
-70,-87,-19
-58,-76,-56
-52,-74,-70
-18,-27,-67
19,33,-40
36,53,-18
36,44,14
17,25,44
-12,-4,50
-24,-45,11
-24,-69,-29
-23,-76,-46
-37,-65,-57
-58,-50,-63
-44,-34,-59
-35,-25,-53
-6,-7,-42
13,29,-23
21,47,-12
16,53,-6
3,44,-7
-16,0,-4
-49,-57,-36
-61,-80,-43
-52,-81,-44
-39,-80,-55
-37,-68,-91
-40,-35,-118
-12,-15,-99
2,-5,-58
27,5,-36
21,7,-12
18,8,-8
-23,-21,-6
-74,-53,-7
-108,-66,-12
-84,-77,-28
-58,-81,-33
-44,-78,-49
-33,-71,-53
-7,-39,-63
27,19,-59
31,54,-31
18,39,-9
-11,22,0
-46,-14,1
-73,-60,-5
-85,-96,-9
-86,-108,-10
-79,-109,-43
-59,-79,-89
-13,-29,-91
24,22,-68
24,57,-58
23,70,-51
20,53,-36
13,29,-9
-9,1,20
-19,-12,32
-45,-25,32
-55,-28,6
-60,-47,-9
-58,-68,-22
-49,-74,-27
-36,-60,-45
6,-34,-38
31,6,-7
40,30,2
44,23,8
39,7,13
-7,-24,12
-44,-51,28
-54,-49,34
-47,-22,6
-28,-3,-27
-18,7,-40
11,24,-29
39,47,-10
50,56,-1
61,57,-6
52,43,-14
46,35,-17
22,34,9
-15,28,29
-31,24,37
-27,-11,16
-46,-31,-2
-54,-38,-40
-55,-8,-61
-31,23,-62
20,38,-35
38,52,13
25,52,42
18,50,53
2,22,36
-29,-10,3
-55,-52,-23
-72,-84,-32
-76,-94,-34
-72,-91,-14
-63,-81,-39
-31,-55,-60
-15,-32,-48
15,-20,-40
15,-15,-24
11,-18,-10
9,-18,-8
4,-37,26
-18,-57,47
-47,-69,15
-76,-78,-42
-86,-86,-67
-78,-99,-69
-55,-56,-72
-14,2,-63
5,28,-55
27,38,-43
17,37,-13
4,5,19
-24,-50,33
-52,-94,13
-62,-127,-5
-61,-135,-13
-67,-131,-20
-69,-102,-38
-49,-67,-51
-37,-48,-53
5,-12,-50
50,25,-45
54,26,-24
29,10,4
15,-3,6
-18,-32,-12
-32,-44,-16
-47,-65,-17
-34,-68,-38
-25,-59,-84
-24,-66,-103
2,-53,-106
33,-22,-97
46,-3,-62
29,6,-43
-5,15,-21
-38,7,-19
-49,-29,-30
-51,-43,-33
-61,-52,-20
-72,-47,-16
-79,-44,-34
-86,-38,-46
-43,38,-35
-3,91,-12
15,110,22
3,110,36
-18,125,48
-30,120,81
-39,93,93
-71,69,89
-111,59,77
-162,50,71
-193,54,55
-204,79,50
-198,65,60
-177,56,62
-195,12,76
-230,-44,90
-235,-67,92
-234,-121,82
-240,-140,73
-228,-179,35
-206,-221,-20
-160,-252,-77
-132,-275,-134
-105,-272,-152
-69,-264,-170
9,-243,-159
44,-221,-146
73,-187,-129
83,-182,-110
83,-170,-96
50,-181,-95
28,-159,-102
17,-141,-99
29,-122,-109
45,-101,-106
50,-51,-105
63,-25,-99
94,27,-93
127,81,-79
131,112,-62
206,112,-22
127,107,-3
79,99,16
44,68,9
-2,48,-13
-22,33,-22
-31,33,-39
-8,47,-55
19,66,-66
29,85,-43
32,89,-30
27,79,-3
4,63,15
-6,52,22
-46,14,19
-80,-41,11
-86,-68,-2
-84,-70,-6
-79,-67,-7
-25,-17,-20
23,31,-33
59,25,-32
50,21,-21
37,7,-15
10,-5,5
-35,-19,13
-64,-30,4
-68,-39,-24
-62,-39,-44
-61,-15,-54
-22,13,-68
-3,37,-58
33,47,-50
49,60,-17
31,56,16
22,52,31
9,44,31
-9,22,6
-16,11,-5
-35,6,-3
-62,-9,-1
-71,-16,0
-71,-28,-20
-65,-28,-33
-29,-4,-15
5,38,-9
25,67,7
44,70,11
50,153,6
55,81,3
22,6,23
-34,-47,47
-45,-60,32
-47,-63,24
-55,-60,-4
-56,-36,-43
-31,-18,-62
7,-6,-49
39,5,-23
52,10,-10
56,20,5
59,32,2
45,1,2
-6,-36,8
-48,-72,6
-52,-91,1
-50,-71,-22
-57,-44,-51
-57,-30,-69
-25,-8,-55
-9,3,-31
2,0,-18
7,6,-16
-1,7,-20
-17,-20,5
-51,-66,33
-79,-85,15
-75,-89,-17
-54,-60,-33
-32,-14,-34
8,7,-2
12,34,19
1,49,15
-3,20,0
-31,-34,-6
-65,-58,-18
-85,-66,-22
-63,-51,-57
-26,-15,-96
11,24,-104
28,40,-102
44,40,-68
26,21,-27
18,9,-5
13,4,6
13,-6,3
-19,-15,30
-64,-25,63
-80,-29,75
-84,-30,50
-75,-29,18
-69,-20,-14
-46,9,-24
-34,22,-28
-6,47,-32
25,80,-12
33,98,6
17,71,20
-20,6,30
-38,-39,39
-54,-59,41
-56,-70,14
-60,-64,-14
-39,-3,-27
-14,51,-14
10,66,4
13,56,10
6,32,25
-15,-7,47
-39,-35,39
-48,-69,27
-42,-97,2
-23,-89,-17
-11,-67,-45
-6,-54,-55
5,-35,-49
27,-17,-37
42,16,-46
39,29,-38
36,34,-32
31,14,-10
-9,-6,3
-40,-29,9
-57,-54,0
-56,-79,-9
-50,-72,-24
-20,-40,-42
-6,-24,-48
41,12,-54
64,35,-53
43,48,-28
23,40,-15
-6,-8,-6
-43,-29,-1
-43,-46,-17
-39,-51,-29
-55,-43,-33
-29,-13,-48
13,14,-54
46,27,-39
59,46,-24
53,55,-4
47,57,6
34,45,32
15,23,48
-9,-4,24
-34,-35,-12
-44,-47,-27
-58,-51,-33
-49,-47,-53
-15,-28,-48
4,27,-31
13,50,-21
8,74,-2
29,67,19
37,38,34
40,23,39
21,-14,39
-11,-43,37
-52,-42,22
-63,-54,0
-64,-70,-26
-37,-39,-32
-1,25,-28
17,44,-17
16,39,12
15,36,24
8,31,44
-16,24,51
-26,96,41
-51,1,32
-60,-55,20
-57,-77,14
-79,-67,-17
-96,-33,-35
-48,-17,-24
3,13,-18
17,38,27
32,42,45
56,49,56
40,23,56
-12,-28,51
-35,-43,39
-43,-47,32
-31,-30,13
-23,-3,-2
0,34,-14
10,52,-26
34,70,-29
45,78,-26
43,68,-1
40,51,17
-4,22,51
-14,-5,43
-16,-11,28
-16,2,20
-16,9,16
-3,44,12
38,82,7
53,93,16
52,86,38
69,82,51
73,64,61
61,53,62
25,11,76
-11,-19,63
-26,-32,54
-48,-19,15
-56,-6,0
-56,9,-15
-20,16,-20
30,36,-11
78,51,7
95,56,15
102,74,31
95,96,55
62,96,70
20,60,57
1,41,49
-32,8,57
-54,-21,57
-51,-31,34
-46,-34,22
-39,-15,-1
-15,16,-18
18,52,-13
39,80,5
47,88,13
56,74,25
60,59,45
59,50,52
32,37,58
-18,8,50
-40,-5,45
-49,-33,21
-50,-56,-7
-56,-60,-5
-36,-46,-15
2,-26,-19
19,19,-4
23,50,6
24,61,11
26,27,21
31,-6,40
16,-39,58
-4,-69,57
-13,-79,54
-15,-71,55
-12,-44,64
10,-21,25
28,19,-15
46,74,-28
71,86,-8
79,74,39
11,45,69
5,31,70
8,10,48
13,2,16
35,25,13
58,65,28
52,93,41
39,90,47
45,85,60
46,78,70
35,63,71
-11,30,67
-34,-5,50
-15,-17,53
-5,-21,49
-16,-16,45
-38,-7,34
-46,33,33
-18,49,28
47,67,25
71,83,39
63,75,52
57,68,55
54,42,49
39,21,41
30,10,36
1,2,48
-18,-1,66
-25,-2,66
-13,-7,63
12,8,57
38,42,60
73,77,50
85,90,43
96,119,49
96,129,73
92,115,73
86,103,69
64,65,79
45,35,98
35,20,102
22,8,91
15,15,66
20,17,52
33,20,48
36,35,29
64,68,47
74,89,64
85,101,68
89,99,90
86,93,96
79,78,97
42,43,100
23,4,102
-19,-21,87
-37,-30,75
-30,-15,68
-1,13,71
52,65,87
92,107,78
112,124,87
116,126,87
122,129,110
122,112,122
84,77,130
62,58,128
39,38,114
31,37,95
52,61,83
59,69,79
92,84,74
97,110,60
93,131,66
102,126,93
107,108,108
92,96,119
81,86,118
77,69,122
67,65,108
40,66,82
47,88,58
93,103,59
134,116,74
146,123,96
148,121,101
138,118,107
114,118,122
88,79,131
54,34,134
36,13,128
27,-1,95
31,10,67
43,22,64
81,57,56
122,105,36
150,140,42
147,153,49
139,147,77
129,137,87
119,124,100
79,111,102
52,89,109
49,85,122
39,105,130
32,158,138
28,211,146
18,252,177
-2,270,215
-6,249,241
-12,189,246
-14,153,251
-40,88,241
-95,41,232
-133,4,209
-148,-20,185
-149,-39,151
-142,-46,128
-123,-36,99
-68,-25,75
-39,-19,61
22,-32,27
67,-43,9
85,-46,1
85,-67,4
67,-105,-5
53,-138,1
46,-166,10
83,-141,-23
126,-81,-39
163,-3,-55
186,46,-40
205,77,12
215,86,51
211,71,51
185,68,38
164,87,36
174,107,49
172,121,53
162,121,52
156,140,58
169,179,65
188,205,75
187,207,76
181,200,80
170,180,92
155,162,93
154,145,114
145,130,124
109,93,122
67,59,110
56,62,76
48,61,57
52,58,45
51,59,50
49,57,49
77,73,43
126,101,41
142,108,38
160,119,49
149,129,72
137,128,79
107,120,100
79,104,115
52,86,113
37,74,106
16,48,81
-6,48,76
23,61,81
78,73,78
99,75,73
119,104,58
138,137,63
146,159,73
123,156,89
101,139,111
87,125,116
65,77,100
51,30,90
30,27,85
19,25,54
25,29,37
49,41,11
88,81,23
111,117,49
116,132,84
112,132,96
130,122,70
129,93,106
96,63,135
76,42,133
39,31,126
19,23,111
9,27,105
13,27,97
71,85,105
113,113,112
127,120,112
132,115,113
128,107,108
108,83,123
77,53,130
55,25,115
43,11,103
29,31,81
22,66,78
36,78,73
66,89,61
76,89,57
89,107,52
93,130,77
90,134,84
99,137,95
124,152,99
121,148,107
113,139,106
72,97,108
28,50,96
7,27,66
-1,12,49
5,28,57
7,34,57
44,76,54
85,113,36
108,146,32
113,154,29
122,138,46
117,114,80
106,116,99
97,111,103
78,93,123
52,72,129
24,69,107
11,65,92
14,67,73
15,65,60
48,57,54
95,96,67
120,139,103
139,155,136
142,155,156
136,147,158
119,113,161
76,88,148
28,50,126
15,34,103
8,53,83
20,59,69
34,71,55
63,81,56
96,87,64
114,111,66
121,124,106
116,107,165
109,94,183
88,77,175
72,63,160
62,53,146
62,48,127
56,43,94
47,47,67
76,99,86
104,122,95
130,137,93
122,141,97
86,106,110
63,67,140
49,46,146
37,34,118
29,16,76
19,20,59
42,40,58
51,85,62
93,102,61
129,113,54
139,112,65
154,113,85
156,109,90
132,93,116
114,82,135
84,57,132
59,43,124
69,33,117
70,24,102
84,20,91
90,57,55
110,113,36
114,132,29
127,135,25
139,112,42
147,93,66
149,83,91
142,75,98
114,80,99
80,78,81
69,49,70
61,33,64
62,43,58
77,58,66
114,79,65
125,84,64
139,120,57
147,128,80
120,117,108
100,111,131
86,84,121
58,67,110
52,27,87
77,14,52
8,32,50
80,39,61
138,95,63
154,122,64
149,131,76
153,133,98
147,121,105
123,79,109
93,48,107
64,39,82
72,42,72
116,48,54
151,71,59
167,128,106
166,157,134
139,136,153
104,91,152
77,53,128
84,39,100
96,51,75
109,65,66
129,88,69
139,108,86
137,112,90
138,122,89
137,137,96
118,138,119
94,114,131
79,97,129
71,79,117
66,66,97
61,57,83
59,43,85
66,57,76
66,60,69
77,94,57
74,117,58
69,122,56
94,114,49
132,110,62
138,104,103
134,96,109
92,71,107
44,52,94
21,31,80
10,-79,74
21,-22,68
45,15,59
58,62,43
87,131,30
95,156,23
115,151,32
128,135,57
140,123,91
125,111,118
112,100,125
78,82,129
47,79,113
39,81,96
44,80,81
83,91,89
97,92,86
145,123,75
132,130,94
88,113,119
64,100,124
38,71,125
28,41,126
22,22,122
15,29,91
41,49,71
97,78,62
148,108,50
143,135,61
134,140,62
137,142,111
127,127,136
116,114,140
72,67,130
53,29,116
51,24,96
72,62,86
115,119,72
138,136,84
130,146,115
121,144,123
109,140,133
98,124,137
74,93,126
60,74,105
22,57,91
19,40,81
38,40,69
49,59,64
74,97,60
105,139,55
134,142,67
134,139,86
126,133,110
102,112,126
81,96,128
68,84,123
40,73,97
30,80,53
24,79,31
56,104,8
68,125,17
80,129,20
96,129,42
99,122,44
120,101,43
121,89,46
124,93,81
112,82,113
94,51,105
65,18,91
51,13,88
47,34,71
55,65,60
56,76,52
85,103,58
125,128,76
137,132,81
133,131,105
123,103,124
102,65,120
55,26,132
32,7,126
32,22,103
30,28,88
47,31,52
95,48,25
140,81,37
160,109,60
155,119,86
120,106,123
76,78,119
59,45,102
61,42,97
59,38,103
47,63,100
70,83,88
101,102,84
106,119,86
100,127,103
118,127,128
120,123,151
102,115,154
64,74,132
44,52,105
24,12,88
30,-13,87
31,-23,83
26,-17,77
26,15,51
67,48,32
106,60,30
117,79,46
118,90,83
117,89,95
111,84,96
83,62,92
49,46,84
32,36,76
31,22,73
20,15,73
14,47,62
47,106,52
59,128,47
84,144,40
112,134,35
106,111,24
94,103,34
84,94,67
58,75,78
37,36,84
26,17,82
12,14,73
-11,25,53
-19,24,28
18,33,14
33,36,7
68,44,25
94,47,51
106,67,73
93,80,96
51,71,92
14,35,93
12,21,83
14,18,68
14,16,58
39,14,50
66,27,33
75,32,24
81,73,16
108,110,29
114,121,34
118,108,53
124,89,55
121,76,53
73,82,75
40,87,100
27,78,112
27,87,106
44,121,101
81,176,91
104,207,133
109,211,146
86,210,181
55,200,201
13,181,197
-32,153,174
-84,97,179
-103,67,176
-138,22,166
-149,-3,156
-149,-22,151
-141,-29,141
-127,-18,137
-107,-17,132
-90,-40,123
-52,-64,97
0,-96,58
24,-136,21
31,-148,4
23,-171,1
15,-181,-11
11,-176,-15
41,-165,-34
64,-152,-38
72,-139,-38
124,-70,-73
141,-35,-85
151,-2,-67
175,28,-31
177,41,-13
169,59,18
160,65,35
128,41,29
108,28,25
86,26,12
90,52,-3
97,90,-14
93,122,-13
87,131,-90
89,149,-7
104,185,31
128,198,53
112,163,65
100,139,68
52,112,66
19,88,88
21,63,85
49,54,66
59,47,55
67,54,47
73,88,39
72,99,34
82,125,42
96,122,56
85,120,61
71,129,75
62,127,78
40,90,83
18,36,77
7,35,63
2,33,53
43,70,61
81,111,66
94,133,74
103,137,75
96,128,72
88,120,75
72,102,102
61,89,99
35,65,93
2,53,63
-22,55,37
-29,52,27
-3,62,23
10,63,20
38,72,25
54,83,42
74,84,50
79,81,64
84,75,67
65,78,80
39,60,76
7,30,52
-8,15,45
-14,4,40
2,7,28
9,8,6
26,28,-5
44,61,6
56,83,4
58,94,-6
57,95,-10
65,78,-9
71,62,20
47,41,54
7,15,88
-11,3,100
-22,3,87
-22,17,53
-10,24,28
-4,26,16
16,33,26
28,56,24
50,76,19
76,77,38
82,68,68
57,51,78
20,23,73
2,9,67
-21,13,69
-18,11,63
10,12,44
26,28,30
33,42,17
49,65,10
89,75,28
102,76,50
89,68,57
64,33,70
24,-2,85
-10,-20,73
-39,-18,36
-50,-17,18
-36,-12,-9
11,10,-21
32,19,-25
67,48,8
74,99,29
64,125,38
56,121,70
11,101,83
-35,52,74
-39,14,51
-32,-4,27
-28,-12,20
-25,-6,16
-6,6,25
3,11,32
25,65,27
43,85,13
40,69,29
14,38,54
2,22,75
1,0,82
8,-10,77
-7,-16,52
2,-5,41
6,1,34
18,8,33
29,20,13
67,45,14
34,71,31
69,79,38
37,52,87
-14,32,99
-50,12,90
-55,-11,81
-52,-25,53
-48,-29,39
-24,0,6
13,19,-10
42,47,-6
53,85,6
62,97,31
66,76,43
51,42,36
28,24,26
19,17,17
4,17,-12
-2,16,-24
23,35,-28
56,53,-1
71,50,-2
63,73,-17
61,89,2
70,83,21
71,70,28
62,60,30
37,23,25
25,5,32
20,-3,34
22,0,11
39,28,-16
63,54,11
80,80,42
106,87,41
113,86,40
96,64,38
60,41,44
11,-12,48
-29,-46,27
-21,-36,-21
-3,-31,-37
23,-26,-31
34,-22,-27
79,6,-23
103,28,-28
90,30,-10
82,28,25
65,12,45
42,-18,53
22,-34,54
17,-43,40
24,-29,24
36,20,9
47,49,-1
50,64,-6
63,72,1
67,82,12
29,85,18
5,66,23
-6,54,24
-12,15,11
-17,2,-3
-18,-4,-27
-16,5,-36
14,46,-34
42,77,-23
53,87,-16
56,86,-12
64,80,10
64,63,37
35,20,41
2,-15,35
-43,-28,30
-54,-38,7
-43,-29,-12
-21,13,-24
6,39,-15
16,60,2
20,54,9
22,49,12
37,17,25
31,-3,25
-7,-22,20
-24,-30,18
-35,-44,33
-22,-28,33
-15,-19,32
-13,-13,25
-12,-2,11
7,24,10
23,53,17
-4,63,32
-27,72,57
-47,64,49
-65,29,48
-70,12,45
-60,2,34
-48,1,2
-61,0,0
-36,20,-4
18,58,-4
41,78,-6
57,83,-7
47,76,-7
38,80,13
23,66,53
16,57,69
-24,-1,59
-40,-27,49
-47,-25,43
-60,-16,32
-63,-12,26
-33,14,4
15,50,-2
44,79,-1
54,83,8
35,67,27
19,65,52
-18,59,63
-37,30,43
-41,-9,39
-46,-13,39
-32,-1,11
-12,7,0
2,32,-4
19,44,-8
19,50,-4
15,60,0
13,32,23
16,18,32
-8,-20,36
-29,-50,10
-35,-76,-14
-22,-59,-32
4,-17,-48
34,20,-56
46,31,-51
44,36,-31
22,26,-8
-13,2,24
-54,-16,43
-64,-29,25
-63,-40,4
-66,-37,5
-50,-23,-26
-21,-11,-54
-1,5,-49
12,11,-25
2,34,18
-27,20,32
-58,-5,23
-61,-7,16
-60,-5,-4
-60,-11,-24
-39,11,-19
-27,20,-5
-5,48,1
2,48,-2
5,46,-3
18,20,0
31,3,22
17,-15,22
2,-52,24
-5,-66,24
-14,-81,19
-31,-64,-3
-37,-53,-14
-14,-11,-39
1,24,-49
17,68,-32
33,87,-16
37,84,16
13,57,41
-15,9,39
-34,-35,35
-54,-44,27
-56,-34,-11
-34,-15,-54
-22,-6,-82
5,19,-65
31,49,-46
49,68,-16
70,62,9
67,56,30
29,41,26
-22,2,21
-59,-38,15
-65,-44,0
-64,-44,-24
-56,-26,-39
-16,16,-47
3,34,-48
26,45,-43
26,35,-23
13,32,4
-8,-4,34
-48,-55,64
-76,-68,61
-85,-70,24
-91,-56,7
-77,-44,-4
-67,-37,-9
-34,-18,-10
8,14,-26
43,14,-40
57,13,-30
60,27,-15
12,-11,4
-8,-34,2
-15,-47,-15
-26,-54,-50
-32,-63,-81
-10,-50,-103
7,-15,-79
15,16,-29
35,30,-5
30,35,6
11,2,2
-15,-29,-10
-20,-36,-9
-38,-48,-8
-63,-44,-34
-67,-41,-59
-57,-25,-60
-49,-16,-49
-33,-11,-41
-15,-9,-26
-7,-5,-12
-3,-2,-5
8,3,10
-16,-24,24
-55,-48,31
-69,-56,33
-66,-67,6
-61,-76,-29
-51,-86,-49
-26,-71,-60
-13,-61,-62
-1,-10,-41
10,19,-17
16,45,3
18,54,12
13,75,34
-12,72,36
-42,41,28
-73,14,13
-90,17,-1
-93,18,-8
-74,31,-4
-69,58,6
-54,97,17
-39,116,33
-48,110,61
-79,81,89
-88,64,97
-133,25,108
-199,-32,119
-269,-105,119
-287,-158,103
-279,-190,69
-261,-195,50
-237,-194,30
-171,-174,-14
-88,-174,-61
-44,-182,-88
-22,-176,-96
-20,-195,-95
-23,-217,-84
-35,-244,-94
-19,-238,-104
-10,-223,-120
16,-190,-142
49,-116,-155
86,-53,-146
121,-14,-116
132,11,-94
138,33,-74
108,30,-61
63,23,-42
49,21,-2
66,19,3
77,26,-30
79,28,-43
75,49,-57
70,61,-52
79,70,-42
80,71,-35
66,82,-21
32,58,-14
-1,7,-17
-25,-36,-13
-49,-48,-14
-66,-46,-43
-50,-25,-73
-14,11,-76
12,39,-74
24,58,-41
26,74,-27
16,45,-17
11,-18,-7
-6,-45,-17
-41,-67,-20
-55,-66,-32
-46,-45,-28
-36,-18,-24
-18,-9,-22
3,16,-17
28,44,-8
42,62,-16
28,35,-24
12,-7,-4
4,-31,11
-14,-39,-31
-31,-32,13
-51,-28,18
-64,-22,19
-64,5,-8
-28,22,-40
4,39,-47
18,45,-14
20,48,2
22,54,21
-3,43,19
-43,5,23
-59,-13,24
-70,-33,-36
-71,-40,-62
-47,-24,-63
-6,0,-60
-1,20,-62
-9,16,-58
-13,12,-29
-25,15,-10
-38,-14,2
-54,-42,-13
-57,-55,-35
-55,-58,-43
-50,-65,-62
-56,-51,-67
-52,-22,-62
-32,10,-79
-7,40,-60
3,30,-48
3,6,-44
-23,-19,-34
-52,-53,-31
-62,-66,-27
-63,-85,-27
-75,-94,-25
-82,-79,-39
-65,-56,-58
-45,-16,-63
-30,27,-66
-22,32,-46
-2,28,-15
7,26,0
16,5,27
-16,-46,42
-29,-66,47
-38,-77,43
-52,-51,16
-55,-37,3
-64,-34,-15
-47,-40,-44
-36,-40,-54
-18,-16,-70
-2,16,-70
6,30,-66
21,27,-45
26,-23,-26
12,-44,-16
-15,-71,4
-47,-50,-7
-79,-41,-9
-89,-35,-9
-80,-42,-8
-60,-47,-31
-50,-44,-41
-50,-39,-34
-47,-35,-29
-31,-25,-20
-23,-9,-7
9,0,-1
24,11,4
30,15,6
31,16,18
-68,-101,-47
-90,-124,-37
-89,-122,-62
-77,-107,-97
-51,-58,-122
-26,-11,-112
11,10,-84
27,19,-67
14,0,-31
-1,-2,3
-3,-21,3
-31,-66,-6
-42,-83,-15
-62,-102,-18
-48,-101,-25
-40,-95,-27
-44,-93,-49
-33,-60,-78
13,-13,-92
46,-3,-77
59,3,-58
50,11,-47
46,8,-43
39,-9,-36
34,-17,-25
4,-37,-19
-34,-82,-14
-54,-112,-24
-60,-120,-28
-45,-95,-34
-23,-51,-54
0,0,-83
12,16,-94
14,10,-71
13,8,-48
12,7,-35
-7,-9,-22
-39,-39,-12
-61,-77,-22
-82,-92,-48
-90,-90,-74
-71,-69,-97
-59,-55,-100
-8,-31,-94
16,-19,-87
11,-6,-80
6,-14,-64
3,-17,-53
13,-28,-35
16,-34,-25
17,-35,-36
-15,-62,-38
-44,-89,-46
-61,-107,-37
-88,-111,-40
-75,-64,-58
-56,-55,-61
-47,-29,-51
-32,4,-47
-23,-2,-36
-39,-38,-21
-44,-52,-13
-72,-71,-45
-78,-80,-57
-68,-83,-73
-61,-70,-89
-53,-59,-92
-46,-51,-89
-26,-43,-86
0,-33,-78
12,-26,-70
21,-5,-55
9,-11,-31
4,-13,-19
-26,-28,-10
-63,-46,-21
-81,-70,-50
-85,-77,-61
-79,-72,-64
-67,-76,-49
-58,-74,-67
7,-33,-64
36,-13,-60
49,3,-42
22,-11,-29
-9,-30,-29
-23,-37,-27
-16,-31,-23
-20,-37,-32
-42,-71,-67
-68,-103,-77
-76,-111,-78
-63,-101,-81
-29,-81,-91
-12,-68,-94
4,-46,-91
7,-16,-65
11,16,-47
0,27,-48
-24,5,-46
-33,57,-42
-51,-25,-37
-63,-61,-26
-77,-86,-17
-78,-95,-24
-54,-76,-43
-3,-39,-72
35,-35,-75
50,-37,-61
40,-36,-66
36,-46,-65
19,-42,-61
-18,-61,-59
-34,-94,-67
-33,-97,-96
-39,-83,-118
-38,-68,-112
-35,-58,-96
-18,-41,-80
-11,-33,-64
-6,-42,-41
-14,-85,-14
-43,-98,-11
-70,-88,-34
-79,-101,-33
-78,-109,-24
-55,-57,-25
-41,-31,-24
-1,20,-24
31,42,-20
43,50,-17
43,42,-27
40,13,-35
8,-13,-28
-31,-31,-14
-52,-49,-19
-77,-69,-33
-87,-72,-38
-68,-55,-49
-10,-30,-53
41,-10,-46
44,-25,-46
43,-31,-43
9,-39,-40
-7,-50,-32
-38,-82,-20
-75,-110,-9
-96,-132,-24
-137,-138,-35
-97,-133,-37
-50,-123,-60
-3,-112,-88
3,-68,-101
15,-25,-75
32,-15,-37
28,-19,-17
2,-41,-8
-25,-70,-10
-54,-99,-27
-66,-118,-54
-26,-97,-77
14,-45,-72
34,-16,-61
41,-2,-65
25,7,-46
22,-9,-38
9,-27,-40
-16,-39,-40
-29,-69,-43
-33,-90,-53
-49,-95,-61
-48,-85,-61
-18,-63,-70
11,-29,-91
34,13,-55
34,7,-24
5,-18,-21
-28,-41,-39
-42,-48,-44
-59,-53,-45
-87,-60,-36
-81,-60,-39
-38,-32,-26
-17,-18,-19
12,5,-19
34,10,-28
43,12,-30
34,-2,-23
18,-28,-9
-6,-85,-6
-51,-115,-18
-78,-112,-24
-87,-104,-25
-70,-98,-19
-68,-107,-38
-64,-105,-45
-24,-101,-66
8,-79,-75
9,-68,-74
8,-73,-65
-4,-73,-48
-18,-69,-47
-49,-85,-35
-73,-105,-31
-81,-108,-27
-81,-110,-42
-67,-109,-53
-44,-87,-50
-21,-59,-59
11,-41,-60
35,-21,-50
36,-9,-48
18,-15,-52
9,-16,-51
-23,-59,-45
-59,-109,-28
-58,-116,-45
-44,-110,-79
-46,-109,-100
-44,-98,-104
-3,-57,-100
15,-14,-98
10,-7,-82
3,-28,-58
0,-36,-44
-20,-56,-35
-38,-93,-33
-59,-114,-50
-57,-113,-77
-40,-116,-98
-30,-112,-109
-15,-89,-108
2,-58,-107
9,-41,-101
21,-15,-88
26,-11,-62
-40,-41,-39
-86,-82,-36
-115,-105,-22
-117,-120,-35
-107,-120,-69
-98,-95,-86
-54,-40,-86
-31,-11,-79
17,2,-71
52,25,-63
56,65,-40
43,77,5
-6,79,35
-27,66,22
-70,34,7
-86,18,0
-100,-5,8
-118,1,10
-107,24,7
-99,32,14
-98,-4,26
-92,-20,30
-116,-46,48
-159,-70,56
-170,-77,57
-199,-100,67
-239,-170,61
-244,-249,25
-262,-272,8
-234,-274,-30
-150,-269,-95
-52,-247,-149
3,-217,-195
28,-192,-206
35,-193,-209
37,-183,-204
34,-169,-191
43,-175,-167
42,-159,-148
17,-160,-130
5,-180,-121
6,-201,-142
7,-201,-167
8,-169,-170
4,-127,-154
40,-63,-137
84,14,-124
99,47,-103
101,59,-88
82,53,-67
73,53,-48
51,41,-32
5,10,-28
-16,-33,-50
-32,-50,-57
-32,-50,-61
-33,-29,-74
-32,10,-98
-19,28,-104
31,42,-100
70,38,-66
62,45,-39
33,47,-24
20,-7,-3
-16,-46,-11
-33,-71,-50
-37,-100,-45
-24,-96,-31
-10,-44,-37
3,-9,-47
23,-6,-31
37,-6,-8
33,-4,-1
29,-3,3
-3,-9,-8
-18,-47,-20
-51,-62,-24
-73,-86,-32
-79,-84,-46
-77,-78,-50
-72,-48,-53
-36,-2,-36
15,35,-44
45,49,-46
57,40,-24
53,34,-13
36,15,6
-2,-15,7
-19,-74,-11
-49,-97,-18
-65,-109,-33
-57,-111,-50
-36,-125,-63
-6,-104,-76
8,-89,-78
44,-16,-70
58,34,-58
48,44,-60
41,46,-52
14,19,-46
-28,-23,-32
-62,-57,-29
-83,-58,-37
-85,-48,-55
-83,-41,-78
-63,-31,-75
-24,-38,-58
-5,-23,-42
-1,-16,-132
-9,-20,-63
-30,-54,-36
-38,-67,-22
-47,-93,-20
-64,-110,-42
-88,-123,-62
-101,-113,-54
-90,-81,-58
-75,-26,-79
-65,0,-84
-45,15,-82
-35,1,-50
-25,-26,-33
-19,-37,-25
-33,-69,-20
-67,-103,-10
-95,-100,-27
-97,-102,-41
-53,-88,-62
-15,-46,-83
10,-20,-79
21,-18,-62
15,-33,-44
10,-40,-1
-28,-60,15
-73,-98,22
-81,-121,27
-89,-113,12
-80,-107,-19
-61,-99,-61
-34,-76,-74
-15,-39,-68
-12,-16,-52
-9,-11,-38
-7,-8,-29
-20,-51,-11
-46,-88,6
-55,-100,13
-79,-94,13
-98,-96,-17
-101,-92,-30
-81,-94,-45
-49,-79,-48
-32,-68,-47
4,-47,-66
4,-12,-68
4,2,-58
10,9,-50
0,-23,-17
-48,-59,2
-101,-94,5
-117,-99,0
-115,-100,-20
-105,-94,-46
-64,-67,-68
-34,-54,-76
-18,-46,-74
10,-40,-69
40,-28,-38
26,-22,4
-3,-92,-10
-29,-129,-41
-33,-124,-52
-24,-107,-52
-6,-82,-79
31,-44,-86
40,-25,-63
29,-18,-20
22,-13,1
23,-5,6
19,-12,12
-8,-39,12
-20,-49,11
-41,-77,-14
-40,-62,-74
-16,-48,-101
22,-23,-102
64,-3,-102
76,-1,-98
49,-28,-67
2,-66,-60
-37,-98,-57
-53,-107,-53
-60,-111,-48
-64,-94,-67
-62,-81,-72
-54,-65,-79
-29,-52,-65
7,-6,-59
37,21,-63
46,-3,-56
36,-13,-53
12,-19,-39
-30,-41,-22
-60,-79,-26
-58,-82,-53
-37,-81,-87
-21,-45,-86
5,8,-90
16,32,-79
33,24,-60
46,16,-45
50,12,-36
18,2,-25
-39,-23,-10
-86,-43,1
-103,-50,6
-103,-62,-13
-102,-79,-34
-96,-83,-42
-77,-83,-53
-42,-59,-58
-3,-27,-49
17,-5,-45
28,-10,-46
31,-12,-44
2,-30,-40
-26,-61,-18
-33,-80,-12
-42,-98,-26
-44,-108,-29
-32,-95,-57
-14,-72,-68
12,-28,-79
23,-6,-79
40,13,-93
44,-4,-71
24,-23,-50
-27,-47,-18
-52,-112,-1
-60,-136,7
-54,-140,-7
-63,-113,-43
-31,-34,-44
8,3,-34
24,3,-29
18,-4,-12
-14,-35,-11
-53,-86,-21
-66,-130,-29
-85,-145,-16
-83,-136,-44
-69,-120,-95
-43,-85,-92
6,-44,-63
28,-23,-47
48,-8,-33
37,-5,-24
15,-11,-17
4,-13,-13
-19,-31,2
-34,-45,7
-39,-49,9
-69,-61,-7
-86,-79,-39
-69,-83,-81
-35,-54,-96
-15,-35,-95
-5,-25,-83
6,-22,-74
-2,-27,-49
-10,-30,-33
-11,-40,-10
-37,-50,15
-54,-73,11
-59,-80,9
-59,-103,-7
-61,-85,-23
-37,-58,-58
-9,-23,-84
15,7,-85
44,20,-60
52,21,-43
121,-10,-21
44,-23,-10
-21,-61,-9
-66,-76,-22
-93,-90,-45
-84,-85,-41
-70,-67,-55
-54,-25,-64
-28,31,-63
-13,53,-60
-11,57,-48
-17,61,-23
-33,47,5
-60,-6,18
-74,-37,-4
-73,-40,-46
-69,-40,-75
-66,-32,-90
-1,24,-85
29,52,-66
31,50,-42
-9,15,-21
-61,-31,-23
-84,-70,-32
-61,-84,-41
-54,-78,-50
-48,-71,-57
-18,-39,-78
1,4,-78
10,23,-47
13,29,-31
17,23,-15
26,4,-18
29,-4,-18
25,-32,-15
9,-72,6
1,-86,15
-24,-98,10
-48,-83,-37
-58,-82,-71
-48,-55,-83
-12,11,-81
18,37,-72
35,46,-48
11,40,-21
-17,2,5
-39,-51,24
-61,-76,30
-76,-86,13
-78,-87,5
-80,-73,-9
-38,-41,-17
4,-15,-24
24,14,-24
18,24,-20
23,23,1
14,19,21
9,17,29
-27,7,35
-66,-16,18
-81,-28,-8
-87,-45,-29
-94,-76,-28
-83,-70,-48
-74,-63,-55
-51,-36,-64
-14,-3,-52
8,22,-32
0,11,-19
-33,-19,10
-68,-72,27
-77,-96,17
-60,-90,14
-49,-69,-11
-42,-42,-49
-10,13,-69
27,31,-49
40,23,-35
44,15,-14
42,-14,-19
-12,-26,-20
-46,-59,-46
-75,-76,-56
-76,-50,-60
-55,-20,-78
-26,-9,-82
22,4,-76
43,10,-69
54,16,-61
57,14,-42
62,4,-22
62,0,-19
35,-23,-17
-14,-52,-5
-43,-60,3
-53,-64,-17
-62,-56,-47
-38,-28,-66
-25,-14,-71
-10,21,-61
-4,58,-47
6,73,-39
9,68,-26
-4,38,-1
-38,-1,16
-59,-30,20
-73,-57,38
-80,-61,3
-79,-59,-13
-55,-30,-36
-14,2,-42
25,36,-41
63,89,-25
77,108,-16
85,142,4
68,162,33
58,163,44
17,130,69
-33,100,79
-68,66,75
-104,45,66
-115,34,58
-140,21,49
-142,22,47
-135,21,43
-129,35,62
-141,15,84
-174,-17,93
-215,-55,96
-261,-109,97
-268,-128,92
-268,-166,86
-228,-211,42
-145,-243,-13
-100,-245,-37
-67,-251,-82
-48,-249,-135
-32,-233,-167
8,-213,-172
29,-188,-153
38,-154,-136
35,-149,-114
14,-162,-105
7,-154,-91
19,-148,-90
27,-115,-102
59,-53,-119
117,22,-102
137,55,-75
144,93,-58
130,114,-43
136,126,-34
120,120,-21
64,88,1
36,69,11
15,28,5
-4,-6,-4
-23,-6,-12
-21,17,-34
-19,32,-32
6,38,-29
46,39,-28
68,52,-14
75,56,-1
66,51,5
60,37,6
46,9,27
26,-24,41
-7,-40,30
-29,-37,22
-31,-33,-4
-20,-9,-24
8,18,-6
20,29,2
26,21,7
39,27,2
44,29,0
66,36,-89
45,18,-16
0,-22,18
-35,-47,28
-34,-58,15
-26,-44,-12
-16,-38,-14
24,-19,0
72,12,20
79,29,22
65,47,12
52,70,19
20,60,35
-15,30,34
-30,15,32
-51,-21,33
-60,-23,9
-48,-12,-2
-40,-6,-18
-1,-8,-24
39,16,-24
72,36,-20
79,36,2
57,20,34
1,-9,45
-27,-60,43
-34,-81,41
-35,-53,24
-8,-23,14
32,8,10
63,44,12
72,68,41
72,66,66
57,62,74
47,44,62
40,34,56
21,5,51
-12,-30,55
-33,-31,48
-41,2,17
-43,17,3
-27,27,9
-3,52,19
74,63,30
105,64,39
107,62,42
90,57,47
53,35,66
23,25,57
2,18,42
-12,13,31
10,8,21
37,24,22
49,45,18
73,64,19
85,73,19
68,76,33
63,64,47
28,40,73
-16,28,73
-27,14,51
-30,-3,25
-3,6,9
38,38,18
74,68,29
77,102,45
86,111,69
80,98,81
46,75,101
28,62,119
-6,31,121
-9,12,94
-13,-2,55
-17,-17,14
10,6,-5
51,50,18
82,90,57
85,120,66
82,128,49
68,101,40
45,42,47
32,13,47
-7,-21,35
-4,-6,34
15,11,21
52,50,11
66,77,16
69,86,32
54,80,63
35,69,74
25,76,93
25,66,109
11,46,82
5,35,66
-17,24,40
-19,31,41
-18,32,40
-4,37,47
40,48,27
58,51,17
97,63,8
112,75,24
104,82,44
96,81,51
92,60,55
70,35,72
49,18,65
55,1,39
34,-12,7
20,-7,-8
52,26,-7
107,80,6
127,100,13
148,102,15
151,80,24
123,76,36
96,63,38
79,33,47
48,18,49
8,-7,61
12,-12,56
13,-14,37
36,5,26
41,23,9
41,30,2
71,58,-1
104,80,14
104,79,36
112,72,54
114,54,80
96,53,90
54,56,73
19,21,57
13,13,53
19,21,45
-74,42,47
-10,30,59
36,79,59
86,98,57
119,106,32
116,89,71
81,56,87
52,21,91
54,35,82
67,63,86
69,72,71
89,100,61
116,104,49
132,106,77
122,101,100
93,79,94
57,52,88
18,26,83
0,13,64
-13,-2,52
-7,-18,55
0,-6,60
18,8,66
55,43,65
79,94,54
66,103,66
57,103,73
50,99,72
35,82,67
23,40,76
4,19,88
6,28,80
37,44,46
47,79,13
69,114,13
93,113,35
86,101,45
79,99,64
66,92,102
26,65,113
2,49,112
-9,40,100
9,1,63
21,35,36
54,90,54
103,110,60
140,122,70
137,145,91
124,160,108
100,161,114
55,124,121
20,82,120
30,72,119
36,88,107
43,113,86
75,133,80
85,135,75
116,135,70
140,139,95
142,131,125
122,130,132
73,105,146
42,92,137
36,66,124
57,85,91
83,108,71
118,122,83
127,138,113
128,142,136
116,107,152
74,76,152
49,58,142
40,65,125
41,75,106
63,89,97
70,127,84
103,158,85
117,178,90
129,173,117
128,145,130
115,125,129
69,87,122
33,60,131
25,45,127
28,62,108
30,89,89
70,97,80
115,120,80
119,154,95
134,163,117
134,159,122
136,138,129
112,117,141
92,86,146
70,54,128
59,36,98
62,54,75
71,76,69
100,102,87
131,163,117
158,202,129
163,199,134
151,154,135
113,97,140
85,46,156
75,34,151
66,55,132
43,62,117
49,79,110
88,104,111
111,131,121
115,145,139
121,135,138
117,127,146
95,113,153
63,104,159
54,96,152
71,105,129
90,119,113
122,166,104
153,192,117
149,208,138
147,224,161
138,219,172
110,171,174
86,138,182
83,137,174
98,131,162
101,121,133
122,148,114
137,189,95
158,214,95
162,222,107
137,216,133
100,201,154
61,159,150
34,129,155
27,111,153
24,106,132
39,112,127
91,145,118
127,187,119
147,215,123
155,210,139
151,197,139
135,194,180
121,162,205
104,129,199
92,109,187
78,95,151
63,102,112
75,127,98
100,165,105
115,202,104
143,235,112
144,249,145
133,214,180
110,165,193
99,118,188
102,98,167
119,93,143
121,87,125
124,101,115
142,149,100
143,163,89
155,167,127
157,160,161
144,171,169
148,187,173
110,162,185
58,118,187
44,84,174
61,90,143
94,113,122
113,136,110
153,176,162
164,201,174
158,196,204
147,185,207
136,168,200
132,165,187
125,170,183
126,192,168
146,230,164
189,278,186
215,310,205
207,324,226
177,337,246
144,333,261
96,317,251
59,266,230
50,202,228
36,159,210
0,160,212
-30,174,246
-49,182,267
-39,178,261
-14,143,263
-15,86,273
-23,34,268
0,0,249
35,-40,197
65,-69,139
92,-96,108
110,-92,86
146,-39,95
189,23,102
192,58,109
192,86,117
196,103,137
198,101,162
196,83,162
181,88,141
178,86,125
184,111,95
200,159,76
219,202,87
242,249,104
252,285,136
246,306,150
238,297,157
221,260,164
196,227,176
189,208,175
197,206,169
215,206,165
220,220,174
211,215,170
205,232,192
213,266,204
222,257,222
218,230,214
181,203,208
154,185,221
145,193,210
141,195,165
161,195,134
201,220,158
239,258,161
250,291,177
228,290,219
195,272,231
166,240,232
147,218,217
159,201,192
167,188,188
164,194,202
155,216,208
171,216,201
191,220,189
183,218,195
184,217,202
190,228,205
154,210,218
107,177,209
103,146,208
109,133,212
128,149,199
178,180,182
207,227,187
215,262,218
228,256,241
235,252,246
207,241,247
174,209,243
137,165,251
104,147,267
100,151,261
132,174,227
173,201,221
197,239,224
199,260,211
191,260,217
169,250,230
151,219,241
128,194,249
108,172,236
91,186,218
105,214,188
123,224,197
149,248,186
181,263,182
186,257,211
188,256,214
198,258,220
193,246,212
171,209,202
148,165,239
148,147,251
174,180,223
211,234,206
237,271,199
249,280,203
242,272,223
238,255,221
229,241,235
207,213,260
143,175,268
104,164,245
105,162,212
126,169,196
147,216,195
169,265,178
171,278,165
185,270,151
193,247,158
188,228,198
178,203,227
159,167,235
146,132,231
137,131,219
152,138,214
169,177,214
186,214,214
194,239,203
210,265,209
225,280,238
213,270,270
172,235,259
142,202,246
132,189,247
121,174,248
148,206,240
184,198,228
221,215,230
239,243,239
242,226,241
218,209,240
181,211,244
167,189,245
179,158,230
209,177,215
227,200,199
247,222,193
244,263,200
250,279,215
240,278,234
256,279,254
246,266,251
199,183,275
186,175,265
199,199,238
215,208,241
229,237,239
246,274,243
263,282,248
255,257,251
231,219,254
200,186,259
162,177,262
151,188,244
159,199,223
169,205,225
190,221,207
224,262,191
245,301,209
251,302,219
241,282,220
229,259,210
194,229,221
161,206,228
134,185,229
115,167,218
125,177,209
149,189,196
165,185,180
199,225,202
243,233,202
245,236,214
234,232,221
210,220,257
173,204,260
164,185,260
168,184,252
164,185,228
186,193,204
216,237,199
216,267,198
221,282,203
249,279,140
256,259,220
235,242,258
217,212,273
198,174,278
177,165,275
159,153,249
183,201,232
215,244,213
229,278,218
228,304,254
209,274,270
190,247,264
169,226,260
175,201,256
176,192,241
190,160,241
222,240,228
249,273,218
258,298,233
269,300,260
243,274,277
193,248,282
161,224,270
136,206,261
129,211,239
138,227,229
153,207,233
166,239,223
202,263,226
229,274,224
231,271,230
207,256,221
176,250,228
141,229,242
108,204,248
74,215,252
75,218,239
114,213,216
172,235,212
202,262,206
217,266,201
213,270,212
229,279,250
203,263,267
167,238,242
138,206,217
118,184,193
99,165,171
91,170,153
115,198,148
145,240,159
152,248,175
188,272,198
203,253,199
206,252,232
203,239,236
174,219,229
122,189,215
79,169,195
96,176,171
140,188,167
163,234,171
175,265,166
196,278,163
200,265,196
184,217,218
160,158,224
143,152,228
123,159,218
114,166,196
154,219,197
195,263,192
210,276,181
211,285,190
210,299,211
196,270,234
180,243,233
138,215,217
105,167,196
105,151,177
100,159,175
115,163,171
138,185,163
158,209,165
163,208,175
159,202,198
152,211,213
129,205,205
108,172,190
94,145,190
117,148,187
144,160,174
159,184,153
158,185,138
178,208,125
192,219,155
187,220,161
179,212,184
158,190,204
141,171,203
83,152,203
46,124,197
50,106,191
63,106,169
88,124,146
112,149,133
144,175,140
152,201,163
166,203,166
125,181,189
95,163,201
80,129,193
69,107,181
62,101,145
55,80,99
80,79,77
128,123,87
155,152,89
157,155,120
147,152,145
143,135,165
134,121,167
123,100,168
114,79,151
106,62,129
81,58,113
132,146,109
162,201,122
177,216,145
176,212,149
168,203,150
118,178,155
53,140,165
27,113,165
34,100,147
43,96,134
62,124,121
68,130,112
98,171,103
119,181,106
107,175,125
114,169,158
107,151,176
75,139,170
54,126,160
46,127,128
40,122,107
63,121,96
95,121,96
127,152,88
155,172,96
161,173,95
164,157,111
142,135,128
125,119,138
105,106,136
85,88,115
71,76,97
48,70,93
40,65,97
64,108,103
124,160,83
145,176,70
166,189,74
143,184,111
125,172,123
110,174,147
94,202,185
65,212,212
35,194,217
11,183,204
-10,173,204
-2,182,193
7,204,212
0,226,210
8,210,237
0,175,262
-4,151,261
-52,120,270
-117,66,266
-158,8,253
-169,-19,234
-164,-58,212
-142,-101,170
-71,-111,108
-35,-92,51
76,-53,17
155,-32,17
173,-28,36
159,-24,61
145,-36,57
145,-39,42
148,-34,29
171,-1,-6
200,51,-7
234,112,24
238,134,37
251,193,44
249,229,65
224,231,94
205,214,103
187,196,102
169,167,118
124,150,118
87,161,108
99,182,105
100,183,99
102,180,86
98,197,91
97,194,89
129,212,88
137,210,88
159,207,84
152,189,125
141,172,137
122,157,138
93,138,123
72,122,103
64,109,89
71,105,83
87,114,88
107,143,96
135,164,112
141,165,113
147,165,117
134,162,130
122,153,129
91,145,137
68,111,146
54,90,145
39,68,137
28,57,115
52,57,92
67,74,80
93,108,75
101,118,69
111,174,94
123,194,103
122,193,102
109,168,93
68,115,107
46,86,109
35,47,107
21,37,109
14,30,105
19,47,108
21,73,102
32,81,95
52,104,79
74,118,71
81,119,63
59,117,82
48,105,115
52,92,130
42,85,131
36,78,126
7,69,120
12,63,88
14,57,49
25,62,29
63,79,31
110,100,57
126,110,66
120,124,71
112,120,79
94,112,80
77,88,85
45,62,95
10,51,78
-7,42,66
3,37,56
29,34,40
43,71,24
67,108,28
93,128,60
100,137,106
83,132,125
72,123,127
40,81,118
12,37,97
-9,23,84
-5,18,66
6,33,41
11,38,28
32,59,19
56,84,20
64,91,20
73,91,34
79,84,63
78,77,73
51,65,91
9,49,114
-37,24,105
-62,21,86
-55,19,68
-31,22,50
4,41,37
45,74,39
64,104,48
80,104,58
77,100,69
51,81,69
-2,32,72
-39,-8,80
-53,-13,75
-52,11,67
-34,27,50
-1,46,48
16,75,48
48,81,57
60,80,58
49,52,80
33,7,80
2,-22,69
-25,-16,59
-31,2,46
-32,10,38
-12,27,33
29,67,39
55,100,55
48,122,84
42,130,92
40,128,80
15,98,71
-30,61,76
-55,39,75
-57,32,57
-55,28,38
-43,39,27
-11,55,23
4,60,20
50,68,28
69,63,32
63,86,26
57,92,22
55,99,28
42,75,48
17,37,72
5,18,84
8,-2,85
12,-23,61
3,-31,43
13,4,33
50,48,28
65,65,25
75,70,24
81,80,22
70,80,23
57,72,35
36,38,41
6,-2,44
-21,-21,43
-29,-5,9
-31,2,-7
-32,25,-30
-18,21,-39
23,25,-14
71,49,-3
95,60,-2
78,62,3
60,36,6
7,9,21
-35,6,40
-52,5,47
-42,-2,33
-30,3,17
-10,23,14
0,32,12
21,36,10
47,59,17
45,57,13
53,33,25
49,23,39
24,4,45
-7,-19,54
-28,-4,38
-14,-7,10
10,9,0
33,37,-1
60,68,-1
79,85,29
83,89,54
65,60,63
36,38,65
21,27,63
5,22,68
-25,19,64
-36,17,60
-35,0,43
-22,-12,20
-11,-14,18
-6,-14,16
-2,9,4
35,35,0
42,54,18
44,60,29
23,62,33
11,51,36
-18,16,47
-30,0,50
-44,-4,47
-46,-6,25
-49,-11,13
-44,-5,2
-30,13,-9
-9,35,-9
6,50,-6
28,52,13
37,50,25
28,36,29
-10,22,39
-38,19,40
-63,12,26
-71,9,19
-76,-11,9
-70,-8,-12
-51,20,-26
-39,32,-31
20,60,0
63,65,25
71,73,48
56,72,56
55,56,58
30,29,48
0,12,37
-13,4,30
-26,-10,2
-30,3,-13
-26,9,-18
-19,51,-17
-15,67,-16
15,90,5
34,90,31
31,85,59
28,79,66
10,59,49
-33,14,32
-25,18,9
1,37,-2
34,61,-12
26,96,-9
13,113,12
11,84,34
5,30,53
-22,-11,68
-51,-26,50
-64,-21,11
-67,-13,-7
-57,0,-12
-35,24,-36
-13,48,-52
-2,72,0
3,67,27
-12,42,42
-41,14,41
-52,5,16
-47,-5,-24
-47,2,-35
-43,20,-38
-15,62,-31
9,83,-9
17,60,-4
1,24,2
-25,-3,4
-53,-30,18
-73,-44,22
-79,-40,-2
-75,-34,-18
-42,-33,-21
-14,-21,-29
-11,2,-49
-24,19,-38
-29,10,-2
-39,-20,29
-68,-35,44
-91,-42,33
-74,-53,17
-70,-39,-7
-65,-11,-24
-38,23,-24
-21,40,7
-5,47,20
-2,47,30
-43,16,39
-70,-9,23
-58,-42,-7
-53,-9,-23
-34,37,-28
-13,70,-29
-18,56,-14
-25,44,15
-37,50,45
-54,23,65
-57,-8,70
-64,-9,51
-69,-6,30
-57,1,-1
-37,3,-15
-23,17,-8
-25,10,-14
-18,-7,-11
-21,-34,11
-45,-44,21
-67,-65,7
-70,-80,-33
-67,-82,-59
-42,-69,-67
-10,-11,-45
5,25,-32
23,39,-13
26,47,5
-3,23,21
-58,-29,23
-85,-62,1
-86,-86,-11
-90,-89,-22
-87,-86,-33
-66,-11,-31
-25,14,-18
20,12,-6
35,6,9
18,14,11
6,2,3
-19,-26,-11
-38,-41,-29
-55,-26,-29
-63,-21,-27
-46,-13,-18
-36,-8,-13
-26,28,-4
-25,60,7
-24,71,11
-27,52,14
-24,29,22
-32,3,35
-60,-17,50
-72,-17,41
-45,-13,40
-34,-7,100
28,19,20
65,42,-6
78,51,-18
38,79,8
1,89,39
-24,74,75
-59,70,89
-96,61,91
-108,54,88
-109,60,74
-118,54,60
-116,49,51
-131,54,35
-127,74,38
-111,89,73
-131,75,100
-133,65,107
-153,8,108
-182,-32,112
-186,-48,108
-212,-97,108
-230,-164,98
-228,-205,67
-192,-219,15
-141,-220,-44
-110,-210,-68
-59,-200,-92
-2,-200,-102
44,-195,-103
62,-182,-89
55,-171,-78
41,-140,-44
32,-118,-26
94,-14,-54
125,53,-61
133,81,-61
119,94,-58
93,102,-53
52,79,-37
14,58,-22
8,57,-18
11,49,-31
12,43,-36
20,101,-58
23,138,-61
59,148,-58
79,141,-35
68,115,-11
69,75,-2
55,28,9
15,2,23
-31,-7,32
-40,-3,16
-28,22,-20
1,64,-24
14,80,-11
4,95,11
-18,61,24
-27,43,13
-37,8,8
-50,-10,2
-53,-17,8
-40,1,13
-5,35,2
33,63,5
46,69,26
43,67,28
25,64,37
6,58,38
-20,38,40
-30,27,40
-39,6,52
-47,-12,42
-51,-22,34
-54,1,21
-35,43,17
2,57,7
23,62,1
36,72,13
40,73,26
20,60,31
-7,28,29
-31,2,24
-48,-19,28
-52,-17,41
-45,-12,49
-29,8,37
3,51,11
17,67,18
16,72,33
12,51,16
-12,40,8
-48,20,14
-64,21,10
-64,17,9
-76,-9,3
-72,22,-18
-32,53,-11
6,63,6
36,59,13
38,62,24
4,51,45
-34,-5,58
-57,-62,46
-71,-65,25
-74,-37,20
-69,13,27
-43,51,35
-11,63,27
-9,71,23
-26,58,42
-45,33,61
-64,-15,58
-69,-36,39
-82,-55,28
-85,-49,10
-70,-51,-6
-37,-13,-21
12,34,-6
34,53,1
58,52,17
44,42,41
6,33,53
-13,18,58
-34,-14,69
-75,-41,55
-99,-49,41
-100,-36,39
-77,1,29
-38,25,7
2,45,13
15,62,27
29,65,13
16,38,15
-8,7,40
-24,-20,53
-37,-30,39
-26,-27,24
-14,-17,17
-12,5,5
-8,34,-18
0,66,-25
12,89,-4
6,78,12
-28,42,26
-59,9,41
-56,0,33
-52,8,6
-44,11,-1
-37,-10,-4
-25,-10,11
6,47,-2
31,95,-27
45,103,-11
61,104,23
64,102,28
40,60,17
5,-6,14
-21,-31,2
-24,-16,-23
-24,-8,-32
-16,9,-54
5,33,-52
34,55,-34
45,63,-24
60,86,15
39,80,36
10,47,47
0,27,55
-13,18,52
-21,-1,28
-23,-9,-3
1,9,-17
23,28,-19
31,36,-18
40,54,-9
49,62,-3
51,63,0
37,52,27
-6,45,38
-63,16,42
-99,-19,41
-80,-23,41
-42,-17,15
-22,-7,-8
-8,34,-14
14,60,-16
24,66,-3
20,65,14
18,54,38
5,47,60
-1,26,69
-16,-15,40
-33,-16,17
-39,14,13
-6,39,12
16,53,-9
20,63,-26
21,63,-18
18,49,15
17,24,47
2,12,54
-9,-8,55
-19,-37,51
-37,-47,25
-53,-17,0
-26,53,-9
-2,97,2
32,103,31
42,86,69
31,58,86
-1,21,78
-32,-3,59
-47,-21,38
-61,-33,30
-64,-13,24
-48,-3,20
-4,48,33
28,84,51
36,97,62
38,98,64
17,80,81
-16,44,72
-30,30,63
-36,23,56
-28,4,44
-18,11,17
-15,44,0
17,74,-8
51,89,-8
54,93,6
48,71,43
34,42,69
26,27,78
-7,11,71
-36,-11,57
-47,-20,59
-56,-22,58
-56,4,50
-6,37,33
37,57,15
55,63,6
56,81,-3
57,96,14
51,82,39
25,67,44
-6,19,33
-45,-21,29
-50,-24,32
-39,-22,23
-28,-23,14
18,-2,14
60,31,15
91,61,6
86,63,7
54,66,31
19,57,24
5,21,18
-17,-17,21
-21,-28,6
-24,-30,-9
-24,-19,-7
-11,7,4
4,45,-5
12,63,-10
24,53,19
24,31,51
9,-6,73
-19,-39,64
-30,-70,31
-31,-75,1
-27,-45,-20
-9,9,4
20,52,17
42,65,19
33,57,25
14,54,54
-30,-20,37
-48,-31,23
-40,-35,5
-32,-34,-3
-16,-21,-21
14,22,-32
26,65,-25
35,67,-14
49,67,9
29,45,33
-12,13,48
-33,15,53
-47,11,43
-39,23,26
-15,32,5
15,37,11
48,55,30
80,58,43
88,57,54
88,53,71
77,36,76
49,4,82
20,-26,69
-2,-32,34
0,-22,6
8,5,-9
13,41,-21
13,53,-27
19,66,-17
24,73,3
9,64,13
-2,56,25
-17,34,30
-35,-11,26
-44,-46,14
-46,-47,-7
-45,-45,-26
-11,42,-28
33,101,-30
52,122,-23
60,123,-18
46,86,15
0,65,30
-55,17,39
-84,-14,28
-80,-35,6
-74,-59,-16
-53,-64,-25
-21,-32,-29
-14,2,-34
4,17,-34
14,33,-22
11,50,-1
-9,22,11
-45,-49,30
-54,-66,31
-32,-69,13
-9,-39,-23
14,8,-42
39,35,-36
24,31,-7
4,14,17
-1,3,45
-25,-13,46
-54,-32,33
-47,-51,13
-21,-43,-12
9,-3,-24
53,41,-22
71,69,-15
69,80,7
65,81,24
37,50,22
23,23,27
-1,-8,24
-18,-30,12
-25,-40,-3
-21,-43,-9
-16,-52,-26
12,-23,-43
29,17,-46
37,49,-15
27,53,35
16,28,57
-7,2,73
-47,-18,64
-55,-35,38
-34,-22,4
-21,24,-5
4,75,7
36,104,30
65,134,43
72,158,59
68,157,77
35,134,98
-28,103,101
-72,67,90
-103,33,72
-147,5,78
-174,-1,107
-174,16,121
-182,16,105
-178,-12,104
-173,-56,120
-184,-120,112
-180,-143,103
-165,-184,61
-123,-202,10
-83,-234,-47
-31,-243,-111
14,-234,-135
43,-205,-124
85,-176,-102
112,-148,-87
109,-141,-77
93,-156,-85
75,-142,-91
72,-123,-93
81,-95,-111
81,-78,-113
80,-46,-106
92,-14,-102
115,44,-95
123,88,-76
108,108,-39
97,115,-15
69,89,3
41,38,13
15,7,-1
4,-1,-24
19,-9,-39
26,-53,-47
41,-23,-61
46,-7,-64
76,27,-36
90,65,-17
70,61,3
44,56,13
20,8,7
-12,-41,-11
-25,-61,-7
-39,-70,-2
-43,-70,1
-38,-49,-12
7,1,-18
43,7,-16
57,-14,-3
49,-23,6
39,-13,11
-1,-1,18
-25,-11,18
-37,-38,17
-40,-41,17
-16,-28,-8
9,-13,-39
26,24,-48
34,47,-36
18,58,-6
2,50,13
-11,30,16
-46,0,3
-55,-44,-12
-55,-43,-23
-36,-41,-28
-28,-26,-29
8,1,-43
16,23,-29
-4,21,-9
-19,3,-2
-25,-22,0
-39,-61,4
-53,-86,-6
-54,-80,-32
-43,-64,-49
-19,-32,-56
-7,-11,-60
18,-1,-58
43,15,-44
41,22,-23
23,16,-12
-3,3,6
-43,-35,11
-74,-58,3
-77,-78,-17
-80,-88,-48
-63,-74,-75
-19,-44,-65
9,1,-51
18,25,-47
24,31,-30
16,35,-22
0,19,-20
-43,-20,-17
-74,-58,-31
-73,-82,-42
-59,-97,-46
-41,-70,-59
-17,-8,-75
-11,24,-58
-17,14,-30
-6,-20,-22
-1,-34,-17
-18,-64,-3
-61,-112,13
-93,-129,11
-102,-117,-11
-106,-106,-20
-115,-97,-34
-92,-78,-41
-38,-41,-39
-3,-9,-27
13,16,-7
9,18,-1
-21,-9,-2
-71,-37,-15
-91,-83,-23
-85,-119,-38
-77,-116,-44
-61,-87,-43
-16,-44,-46
5,-22,-12
15,-15,-10
-4,-12,2
-41,-48,11
-65,-96,14
-87,-118,6
-92,-110,-27
-86,-94,-68
-79,-82,-83
-37,-64,-82
-3,-36,-77
4,-8,-71
0,-8,-53
5,-24,-25
-17,-59,-8
-55,-117,-10
-72,-158,-20
-65,-162,-43
-64,-139,-45
-54,-107,-54
-31,-57,-63
3,-25,-66
33,-7,-59
48,-5,-54
29,-12,-42
-7,-28,-45
-34,-66,-40
-48,-98,-23
-44,-101,-42
-26,-101,-78
-11,-83,-102
12,-51,-101
34,-33,-65
33,-30,-26
28,-37,-19
18,-45,2
-3,-70,13
-27,-93,2
-37,-98,-3
-49,-101,-22
-53,-88,-47
-46,-61,-74
-27,-26,-93
-1,-24,-77
8,-39,-55
-4,-55,-48
-29,-83,-41
-59,-101,-19
-73,-105,-15
-76,-108,-48
-66,-105,-87
-30,-73,-103
-12,-56,-100
19,-20,-94
33,-3,-77
-16,-42,-40
-36,-57,-21
-62,-82,-25
-77,-109,-54
-82,-132,-79
-69,-134,-92
-59,-128,-96
-30,-96,-93
-13,-63,-63
-9,-32,-52
-6,-16,-44
-7,-19,-45
-11,-53,-31
-22,-86,0
-26,-96,14
-53,-100,11
-78,-104,-5
-91,-113,-6
-94,-93,-31
-76,-62,-55
-47,-50,-60
-20,-25,-50
9,1,-25
21,11,-9
10,-16,-8
-15,-74,0
-46,-123,11
-68,-132,-10
-68,-125,-37
-60,-111,-48
-38,-58,-51
-26,-17,-49
3,-3,-23
6,-5,-12
-9,-9,-18
-28,-18,-12
-61,-35,-10
-85,-72,-37
-94,-88,-77
-88,-85,-87
-81,-79,-87
-46,-66,-54
-31,-14,-39
-10,3,-50
0,-1,-51
21,-3,-49
18,-21,-17
4,-58,-8
-11,-87,-9
-34,-99,-15
-70,-98,-16
-78,-106,-40
-51,-110,-60
-30,-74,-67
9,-19,-70
44,27,-64
34,-6,-30
9,-44,-9
-19,-76,-2
-38,-106,-9
-45,-95,-26
-35,-76,-53
-24,-50,-83
-17,-21,-91
1,-6,-67
9,1,-44
19,-12,-31
9,4,-4
-23,11,9
-53,-42,12
-60,-67,-5
-60,-74,-12
-58,-72,-22
-41,-56,-21
-10,-25,-27
21,-4,-47
34,1,-46
18,-4,-30
-15,-22,-10
-58,-36,-5
-79,-68,-23
-64,-87,-42
-47,-88,-68
-37,-84,-76
-46,-67,-63
-35,-36,-39
-10,-2,-44
1,17,-39
17,21,-38
17,8,-37
-19,-42,-30
-50,-101,-19
-82,-122,3
-82,-111,2
-82,-98,-27
-60,-55,-43
-18,-9,-36
39,28,-43
64,38,-43
68,40,-41
31,10,-24
0,-36,-12
-31,-69,-16
-42,-81,-21
-64,-91,-35
-80,-101,-33
-70,-95,-46
-31,-76,-50
-12,-63,-43
15,-44,-38
19,-18,-28
24,-16,-35
12,-15,-32
-58,-78,-48
-87,-96,-52
-88,-99,-34
-84,-73,-34
-66,-21,-64
-35,-6,-72
-17,8,-71
-19,9,-52
-35,-16,-34
-52,-55,-25
-57,-69,-20
-88,-111,-9
-112,-126,-4
-113,-117,-27
-108,-106,-69
-101,-87,-79
-71,-74,-80
-28,-77,-71
1,-84,-59
-1,-78,-58
12,-67,-45
17,-58,-37
-7,-53,-18
-50,-89,-1
-73,-124,-17
-80,-133,-23
-97,-135,-25
-105,-132,-49
-100,-103,-69
-68,-66,-82
-34,-56,-77
-16,-45,-53
-7,-38,-39
-20,-27,-21
-29,-33,-6
-49,-57,10
-72,-84,5
-83,-105,-19
-73,-109,-29
-48,-109,-42
-24,-86,-60
-12,-62,-57
-10,-43,-40
-2,-42,-40
0,-44,-32
-39,-60,-30
-76,-90,-33
-113,-103,-46
-120,-97,-73
-104,-85,-94
-92,-86,-109
42,-77,-91
-2,-48,-84
-21,-32,-83
-20,-23,-53
-29,-47,-12
-70,-80,5
-91,-104,-7
-75,-78,-34
-54,-41,-54
-31,24,-71
-19,52,-159
-29,82,-73
-39,85,-24
-60,83,34
-106,69,67
-139,22,73
-175,-21,76
-183,-36,72
-208,-36,70
-219,-34,56
-212,-44,47
-191,-44,56
-195,-46,72
-188,-75,83
-186,-122,73
-178,-173,41
-149,-211,-17
-103,-251,-80
-71,-275,-120
-60,-298,-149
-51,-261,-183
-31,-230,-191
-15,-208,-168
1,-188,-149
33,-197,-131
29,-197,-117
1,-179,-119
-5,-153,-115
9,-128,-100
1,-100,-93
-4,-45,-100
-6,-19,-102
37,11,-97
83,33,-83
92,57,-60
77,86,-39
69,89,-20
48,58,-12
36,41,-38
2,12,-47
-32,-14,-60
-49,-23,-61
-57,-12,-68
-37,4,-77
-27,11,-87
3,34,-87
18,38,-82
29,20,-69
26,-16,-59
13,-42,-37
3,-46,-22
-14,-45,-14
-34,-66,-11
-52,-85,-15
-54,-79,-38
-36,-53,-63
6,-31,-66
16,-27,-55
2,-30,-19
-15,-39,12
-42,-47,17
-58,-63,6
-69,-84,-12
-86,-79,-44
-89,-73,-56
-80,-74,-60
-59,-65,-58
-23,-24,-53
5,8,-27
25,15,-19
22,13,-9
-1,-5,-15
-29,-45,-31
-58,-70,-55
-81,-70,-53
-92,-67,-50
-93,-62,-46
-62,-68,-59
-19,-48,-67
21,-10,-69
30,23,-64
8,26,-34
-8,1,-17
-38,-38,-9
-49,-54,-4
-77,-89,-21
-82,-93,-43
-81,-84,-56
-76,-75,-59
-71,-73,-56
-49,-45,-56
-19,-7,-51
-1,4,-46
-3,-3,-26
-9,-5,-17
-41,-43,-10
-97,-96,-15
-128,-100,-19
-116,-83,-18
-105,-71,-31
-92,-59,-35
-67,-21,-41
-39,15,-34
-31,26,-35
-17,29,-31
-12,4,-28
-26,-24,-26
-50,-41,-13
-82,-65,-22
-71,-84,-53
-48,-77,-63
-15,-43,-68
11,2,-66
13,19,-54
18,16,-35
20,14,-25
9,-14,-6
-40,-45,9
-78,-72,-3
-91,-105,-11
-101,-114,-13
-90,-119,-28
-81,-116,-38
-60,-122,-40
-33,-122,-37
3,-89,-31
19,-107,-38
19,-76,-51
1,-58,-53
-30,-63,-42
-51,-69,-6
-83,-91,9
-106,-129,3
-132,-155,-18
-138,-148,-38
-112,-118,-70
-72,-83,-93
-45,-59,-66
-38,-57,-41
-38,-60,-44
-55,-70,-41
-76,-97,-37
-122,-111,-43
-149,-114,-50
-135,-134,-69
-107,-144,-78
-66,-119,-75
-44,-83,-66
-21,-62,-58
-25,-43,-61
-24,-29,-43
-24,-7,-17
-44,-23,-13
-66,-57,-28
-99,-73,-49
-109,-76,-56
-107,-70,-85
-98,-60,-94
-56,-34,-94
0,4,-87
18,22,-87
5,34,-92
3,39,-74
-22,6,-53
-59,-23,-51
-88,-52,-47
-100,-61,-64
-91,-66,-88
-91,-55,-115
-41,-27,-126
-1,-24,-124
12,-12,-115
21,-11,-85
1,-54,-64
-44,-99,-60
-84,-134,-74
-101,-147,-81
-105,-122,-77
-101,-105,-95
-57,-66,-99
-16,-41,-131
-5,-17,-114
-10,-17,-80
-15,-33,-57
-35,-56,-31
-77,-96,-19
-74,-122,-26
-70,-125,-45
-86,-99,-78
-98,-66,-101
-56,-40,-101
-28,-12,-85
-35,2,-79
-29,-17,-53
-68,-55,-21
-90,-95,-31
-102,-112,-59
-103,-114,-69
-115,-106,-74
-101,-91,-89
-62,-54,-104
-42,-35,-105
-17,-15,-87
-5,-12,-60
-16,-32,-31
-26,-39,-25
-54,-54,-21
-79,-90,-31
-92,-120,-44
-114,-123,-62
-127,-121,-83
-126,-114,-109
-106,-81,-115
-66,-42,-106
-37,-21,-69
-30,-26,-36
-47,-33,-15
-79,-46,3
-106,-83,0
-120,-112,-9
-133,-103,-17
-143,-101,-36
-122,-93,-58
-67,-52,-49
-71,-28,-32
-69,-16,-13
-64,-16,-3
-62,-40,-4
-79,-52,-9
-111,-66,-44
-132,-94,-81
-120,-93,-108
-108,-87,-115
-85,-61,-126
-65,-34,-129
-44,-33,-107
-40,-43,-68
-37,-43,-53
-42,-61,-56
-72,-95,-58
-98,-100,-61
-97,-111,-85
-91,-110,-91
-97,-120,-107
-94,-88,-111
-75,-54,-95
-34,-30,-70
-13,-18,-55
7,-1,-29
0,-4,-13
-40,-30,-19
-64,-69,-26
-70,-93,-22
-95,-96,-30
-101,-138,-51
-110,-98,-58
-103,-64,-65
-63,-21,-73
-42,0,-72
-10,32,-80
-1,52,-80
-14,56,-56
-19,55,-42
-29,44,-31
-42,0,-19
-56,-56,-18
-67,-92,-29
-73,-100,-46
-85,-106,-67
-74,-90,-69
-43,-49,-53
-26,-28,-43
-15,-13,-48
-27,-10,-38
-30,-15,-40
-35,-16,-39
-51,-37,-48
-73,-74,-37
-80,-87,-30
-91,-97,-33
-88,-104,-54
-87,-104,-75
-82,-99,-86
-33,-46,-93
-10,-16,-85
1,-2,-77
6,12,-59
-36,-58,-57
-53,-86,-53
-81,-110,-37
-100,-106,-44
-102,-94,-82
-78,-84,-97
-31,-63,-92
5,-35,-74
21,-17,-61
23,-9,-52
3,-5,-48
-31,-17,-47
-44,-29,-43
-74,-33,54
-101,-57,-7
-114,-83,-24
-116,-84,-24
-110,-80,-48
-76,-78,-56
-33,-67,-71
-3,-34,-64
9,-11,-59
10,3,-40
10,10,-29
9,15,-5
-4,4,-7
-9,-31,-36
-36,-45,-46
-61,-62,-55
-69,17,-72
-85,-55,-92
-80,-62,-83
-74,-62,-62
-64,-46,-49
-43,-23,-52
-31,-12,-46
-41,-6,-41
-74,-15,-37
-101,-31,-36
-128,-72,-34
-134,-87,-31
-147,-116,-25
-164,-134,-45
-174,-142,-71
-151,-127,-87
-114,-100,-96
-76,-62,-100
-55,-42,-96
-36,-23,-88
-26,-22,-74
-21,-16,-77
-25,-12,-74
-49,-44,-72
-80,-87,-59
-88,-115,-58
-80,-130,-77
-82,-113,-98
-69,-83,-97
-41,-53,-85
-26,-37,-74
-1,-16,-68
-4,-19,-54
-6,-25,-56
-19,-27,-54
-38,-38,-52
-87,-106,-59
-104,-130,-66
-121,-121,-61
-110,-93,-74
-86,-55,-89
-59,-34,-94
-44,-29,-83
-39,-39,-60
-35,-41,-46
-46,-56,-28
-73,-88,-19
-81,-97,-14
-91,-122,-28
-98,-131,-39
-97,-124,-60
-121,-114,-66
-125,-97,-85
-121,-55,-94
-82,-33,-93
-51,-4,-61
-45,12,-43
-57,6,-38
-70,-5,-34
-103,-44,-25
-131,-65,-36
-131,-65,-58
-124,-42,-71
-114,-29,-73
-97,7,-70
-72,44,-55
-72,82,-35
-68,95,-24
-72,109,-6
-83,96,27
-102,64,44
-144,18,36
-156,-3,30
-191,-56,19
-236,-104,38
-267,-133,43
-285,-154,20
-279,-155,9
-273,-148,11
-246,-140,17
-191,-140,-12
-123,-156,-47
-74,-199,-82
-69,-255,-97
-96,-312,-122
-104,-348,-159
-95,-343,-188
-74,-312,-206
-28,-271,-215
25,-228,-223
52,-192,-212
78,-157,-194
88,-117,-184
88,-106,-162
71,-96,-144
10,-85,-136
-6,-77,-142
2,-57,-145
27,-20,-136
38,-2,-125
44,24,-117
31,45,-98
20,65,-81
9,50,-56
-12,16,-23
-21,0,-7
-36,-28,0
-45,-46,-22
-52,-61,-67
-43,-68,-89
-24,-50,-121
-20,-29,-120
-12,1,-110
2,24,-102
9,34,-85
9,13,-73
-17,-4,-62
-66,-36,-59
-98,-54,-53
-101,-68,-51
-107,-71,-58
-91,-63,-79
-44,-58,-80
-22,-29,-79
-15,-9,-73
-28,-11,-77
-49,-16,-60
-56,-17,-49
-84,-39,-38
-14,-64,-52
-83,-72,-47
-105,-87,-56
-117,-92,-65
-107,-88,-71
-79,-60,-74
-43,-41,-77
-7,-19,-74
9,-8,-57
-4,-24,-48
-10,-29,-41
-45,-62,-36
-85,-87,-46
-98,-101,-58
-99,-101,-67
-93,-119,-68
-87,-110,-65
-67,-68,-84
-55,-46,-88
-31,-14,-94
-14,1,-86
-6,8,-78
-14,12,-74
-36,-7,-60
-51,-66,-25
-54,-105,-9
-123,-101,-41
-138,-98,-74
-138,-91,-85
-109,-61,-96
-56,-42,-103
-29,-31,-101
-18,-36,-87
-26,-41,-53
-29,-40,-34
-61,-51,-5
-94,-75,8
-104,-81,14
-122,-86,0
-143,-103,-23
-140,-120,-56
-123,-109,-102
-110,-98,-117
-158,-54,-106
-69,-30,-97
-34,-17,-88
-38,-6,-74
-48,-7,-58
-45,-43,-48
-56,-77,-40
-88,-100,-36
-100,-101,-41
-110,-99,-64
-100,-83,-76
-68,-47,-84
-59,-27,-77
-66,-24,-66
-51,-33,-43
-40,-59,-13
-72,-89,-26
-96,-112,-33
-111,-120,-32
-112,-117,-29
-116,-98,-59
-92,-92,-91
-51,-60,-107
-35,-26,-105
-26,-9,-99
-31,-5,-83
-31,-11,-66
-29,-14,-55
-26,-11,-42
-55,-43,-23
-94,-77,-21
-113,-108,-29
-116,-117,-43
-110,-104,-50
-87,-73,-59
-65,-43,-69
-55,-24,-71
-54,-25,-67
-67,-44,-42
-70,-67,-37
-67,-73,-44
-94,-71,-45
-126,-67,-43
-145,-58,-73
-130,-83,-96
-101,-76,-108
-78,-60,-123
-59,-42,-111
-46,-37,-90
-48,-53,-73
-84,-86,-54
-116,-117,-60
-118,-134,-82
-101,-131,-125
-87,-108,-130
-69,-52,-133
-31,-6,-156
9,21,-146
3,25,-114
-6,-15,-90
-9,-55,-65
-12,-71,-70
-38,-83,-69
-64,-106,-90
-64,-108,-109
-64,-106,-130
-41,-73,-125
2,-42,-126
-3,-43,-101
-5,-29,-83
-15,-22,-92
-46,-59,-89
-74,-94,-72
-79,-104,-60
-81,-118,-65
-81,-119,-85
-51,-87,-96
-17,-57,-79
-8,-44,-72
-6,-42,-67
-4,-38,-62
-3,-42,-50
2,-49,-45
-29,-57,-52
-73,-95,-61
-97,-125,-70
-113,-115,-78
-110,-108,-95
-103,-90,-118
-77,-40,-123
-45,-19,-135
-21,-29,-128
-16,-46,-100
-31,-76,-85
-66,-118,-72
-89,-132,-57
-92,-122,-69
-102,-103,-82
-83,-76,-101
-66,-48,-108
-48,-40,-73
-36,-29,-53
-55,-25,-40
-91,-63,-48
-117,-113,-49
-126,-121,-49
-113,-106,-75
-99,-89,-106
-76,-64,-121
-62,-50,-122
-25,-13,-102
3,19,-83
10,18,-66
-4,-22,-45
-26,-78,-25
-34,-99,-14
-57,-104,-7
-66,-100,-32
-69,-106,-55
-66,-103,-63
-56,-91,-60
-29,-88,-66
-15,-82,-65
-11,-58,-82
2,-30,-80
3,-16,-69
3,-9,-60
-3,-6,-43
-6,-7,-31
-55,-27,-28
-75,-55,-41
-85,-88,-66
-80,-113,-75
-66,-109,-95
-45,-74,-100
-34,-40,-85
-27,-23,-74
-13,-7,-46
-14,-12,-24
-37,-34,-34
-70,-61,-45
-83,-83,-55
-75,-101,-71
-55,-108,-86
-54,-125,-106
-48,-109,-109
-43,-60,-87
-17,-35,-73
-3,-24,-68
-1,-32,-72
-1,-34,-70
-16,-52,-55
-41,-78,-56
-50,-86,-53
-66,-101,-55
-81,-98,-51
-91,-95,-50
-93,-103,-67
-74,-111,-87
-62,-108,-92
-2,-71,-57
24,-69,-42
-4,-80,-45
-30,-86,-31
-40,-84,-23
-62,-96,-16
-90,-118,-24
-98,-120,-39
-97,-115,-56
-83,-96,-61
-73,-80,-63
-36,-73,-74
-17,-66,-75
18,-11,-70
15,-4,-61
-9,-16,-44
-19,-20,-14
-37,-37,1
-77,-52,-14
-113,-77,-55
-111,-90,-63
-90,-102,-90
-59,-89,-94
-18,-40,-91
3,-23,-93
13,-14,-89
4,-25,-73
-2,-42,-50
-20,-51,-28
-27,-52,-17
-65,-74,-27
-79,-91,-41
-98,-93,-45
-88,-87,-55
-77,-68,-69
-65,-48,-81
-44,-32,-68
-13,-27,-58
2,-34,-57
1,-33,-49
-11,-54,-40
-56,-95,-44
-73,-108,-43
-91,-113,-56
-82,-106,-71
-73,-97,-74
-85,-93,-86
-61,-66,-111
-46,-50,-117
-34,-28,-106
-20,-27,-101
-2,-32,-82
0,-43,-75
-16,-58,-64
-36,-79,-56
-57,-95,-55
-64,-97,-52
-81,-114,-52
-85,-102,-67
-83,-91,-96
-42,-52,-104
2,-23,-118
20,-13,-112
27,-8,-104
-9,-8,-57
-54,-48,-26
-83,-76,-28
-88,-84,-52
-85,-83,-70
-70,-70,-92
-37,-45,-114
0,-38,-125
8,-46,-107
0,-59,-78
-13,-69,-52
-44,-101,-42
-74,-129,-46
-80,-146,-54
-72,-149,-83
-72,-144,-101
-64,-124,-115
-20,-102,-124
18,-78,-106
23,-84,-62
-2,-82,-39
-28,-120,-40
-60,-124,-34
-73,-118,-33
-63,-115,-51
-49,-106,-57
-21,-70,-81
1,-42,-97
5,-26,-89
-1,-23,-73
-11,-38,-67
-32,-75,-71
-53,-117,-90
-82,-145,-102
-103,-121,-91
-78,-88,-101
-31,-60,-114
10,-37,-117
41,-21,-127
46,-14,-116
11,-13,-90
-27,-58,-64
-51,-101,-56
-65,-118,-60
-82,-115,-78
-86,-97,-100
-66,-87,-122
-35,-56,-128
-14,-35,-110
6,-13,-89
15,-3,-75
-24,15,-14
-65,-4,13
-95,-16,2
-108,4,-17
-101,25,-32
-68,37,-28
-50,49,3
-79,48,39
-116,35,69
-162,13,89
-210,-44,114
-247,-113,125
-266,-165,87
-261,-221,31
-275,-234,-24
-273,-223,-91
-215,-202,-162
-77,-209,-192
-8,-229,-176
17,-238,-164
21,-239,-174
1,-251,-182
-21,-252,-168
-30,-239,-153
-8,-227,-151
13,-200,-161
23,-177,-157
27,-124,-156
60,-58,-146
72,-25,-133
98,0,-130
117,5,-109
119,7,-95
118,30,-69
95,61,-54
80,72,-44
43,61,-44
-2,15,-55
-21,-19,-67
-28,-33,-69
-8,-45,-82
10,-6,-89
29,29,-82
46,34,-70
43,50,-62
46,65,-58
50,38,-45
6,-9,-47
-26,-44,-51
-29,-65,-56
-29,-71,-72
-32,-65,-76
-45,-58,-82
-35,-64,-75
25,-42,-83
65,2,-78
65,10,-60
50,-6,-30
41,-19,-32
4,-30,-28
-17,-61,-30
-24,-96,-56
-26,-107,-64
-30,-110,-65
-11,-94,-62
-2,-82,-57
30,-65,-70
49,-45,-76
41,-6,-77
21,13,-58
3,12,-27
-6,11,-12
-15,-22,-14
-32,-64,-51
-56,-72,-78
-64,-72,-87
-55,-74,-71
-32,-65,-74
4,-45,-98
24,-46,-105
41,-53,-94
37,-57,-82
26,-60,-76
21,-58,-70
-10,-73,-50
-52,-104,-52
-82,-124,-54
-91,-126,-52
-86,-114,-66
-63,-111,-85
-36,-88,-88
-22,-72,-85
0,-66,-74
12,-47,-41
13,-4,-24
11,-19,-25
-1,-57,-20
-21,-80,-19
-47,-96,-29
-55,-105,-43
-47,-111,-62
-36,-94,-87
2,-55,-86
42,-19,-80
59,4,-65
54,-2,-28
35,-17,-12
-10,-57,-22
-49,-78,-35
-60,-94,-63
-59,-102,-76
-65,-87,-78
-65,-75,-75
-40,-74,-65
4,-59,-67
33,-37,-72
22,-45,-60
-15,-68,-41
-35,-89,-18
-42,-120,-17
-43,-128,-16
-63,-121,-36
-61,-115,-48
-40,-81,-56
-14,-49,-87
3,-28,-86
9,-36,-72
12,-51,-67
-42,-78,-58
-100,-111,-54
-121,-115,-54
-121,-136,-51
-91,-118,-89
-65,-93,-101
-30,-74,-87
-3,-43,-75
7,-19,-65
11,-20,-66
-10,-54,-46
-19,-63,-23
-67,-53,-11
-86,-46,-41
-96,-88,-75
-96,-104,-86
-80,-60,-74
-41,-38,-69
-17,-13,-57
-34,-1,-49
-45,-18,-49
-71,-65,-49
-80,-83,-53
-88,-94,-51
-96,-88,-61
-88,-66,-67
-68,-41,-76
-45,-29,-80
-26,-13,-100
0,8,-115
12,16,-79
29,19,-59
24,-4,-73
-3,-59,-76
-37,-90,-77
-63,-105,-78
-52,-115,-99
-28,-106,-116
-10,-81,-115
17,-54,-124
44,-35,-137
59,-13,-134
62,-10,-99
36,-27,-57
7,-53,-45
-4,-64,-46
-10,-69,-91
9,-48,-90
15,-36,-85
20,-24,-79
38,-16,-71
11,-19,-64
-4,-30,-56
6,-68,-31
-11,-102,-11
-35,-115,-34
-42,-126,-68
-25,-107,-82
6,-75,-97
27,-54,-95
40,-35,-70
45,-30,-48
39,-44,-23
8,-74,-12
-12,-114,-24
-33,-124,-49
-46,-114,-72
-44,-116,-85
-11,-105,-91
4,-69,-86
19,-49,-78
24,-11,-70
38,16,-63
24,18,-44
0,-7,-22
-30,-46,-10
-60,-73,-22
-70,-73,-43
-50,-77,-50
-26,-86,-62
1,-60,-67
29,-15,-58
54,-7,-47
46,5,-43
27,18,-12
-7,8,3
-40,-32,-9
-52,-75,-32
-67,-66,-61
-61,-29,-78
-19,10,-91
14,34,-102
33,37,-111
41,5,-100
23,-9,-75
-12,-31,-54
-30,-58,-42
-51,-87,-47
-75,-103,-57
-89,-109,-76
-91,-106,-81
-97,-108,-86
-52,-34,-74
-11,1,-65
35,14,-68
43,19,-50
23,-1,-38
13,-9,-31
-25,-55,-32
-49,-79,-23
-40,-91,-27
-34,-94,-49
-36,-65,-66
-38,-33,-84
-6,-16,-88
27,-11,-84
27,-15,-69
20,-46,-49
16,-62,-33
-2,-73,-16
-10,-74,-8
-40,-93,-44
-51,-97,-58
-61,-94,-69
-75,-87,-50
-77,-80,-22
-57,-40,-8
-5,8,-23
15,48,-39
23,50,-30
19,49,-24
6,16,-23
0,1,-25
-18,-22,-25
-27,-67,-25
-30,-83,-24
-43,-118,-48
-52,-140,-61
-54,-143,-64
-35,-108,-61
-17,-71,-70
-9,-51,-70
10,-25,-72
32,5,-66
40,18,-60
40,17,-54
25,8,-37
17,4,-27
7,-22,-26
2,-77,-33
-7,-98,-35
-31,-125,-33
-40,-131,-43
-46,-125,-45
-43,-111,-49
-30,-93,-62
-23,-80,-64
-6,-44,-80
0,-4,-47
4,-6,-39
-15,-27,-33
-37,-49,-28
-54,-73,-34
-63,-76,-50
-49,-59,-63
-15,-30,-71
25,4,-82
65,20,-75
64,34,-39
36,41,-3
22,42,10
-1,10,5
-11,-3,-16
-28,-9,-36
-33,-16,-43
-25,-48,-66
-17,-43,-93
-1,-13,-87
15,3,-55
16,12,-24
14,24,-1
3,2,33
-17,-37,28
-35,-84,-6
-45,-104,-35
-47,-84,-66
-38,-44,-86
-7,-8,-83
19,14,-67
36,17,-45
38,1,-25
7,-24,-10
-7,-43,-15
-43,-50,-28
-77,-80,-33
-98,-103,-34
-87,-94,-25
-63,-88,-8
-33,-72,-32
-17,-52,-52
6,-40,-46
32,-39,-41
11,-14,-26
-18,-35,-26
-29,-42,-23
-53,-69,-20
-50,-82,-23
-36,-61,-23
-38,-45,-21
-28,-22,-38
9,7,-56
39,15,-48
47,13,-62
24,-22,-39
-17,-65,-27
-58,-72,-50
-65,-66,-77
-60,-52,-87
-50,-26,-74
-21,-17,-70
18,-15,-71
27,12,-67
7,22,-53
-2,25,-25
-5,14,-11
-28,-33,3
-51,-81,-10
-61,-84,-32
-62,-68,-33
-58,-53,-44
-36,-28,-69
3,6,-97
27,29,-89
25,47,-57
33,51,-35
42,46,-15
0,48,1
-40,48,10
-56,48,25
-60,46,12
-62,67,0
-60,83,16
-52,86,-13
-55,91,26
-64,100,48
-84,80,66
-117,23,64
-155,-28,64
-201,-60,75
-240,-101,75
-253,-161,63
-227,-185,24
-173,-169,-16
-98,-157,-50
-30,-171,-93
8,-197,-108
8,-204,-113
-16,-210,-109
-42,-219,-118
-52,-227,-132
-30,-211,-143
7,-170,-156
36,-122,-195
78,-97,-221
124,-78,-172
116,-52,-134
108,-17,-84
78,-19,-62
45,-35,-56
39,-37,-62
40,-21,-70
40,11,-67
67,32,-60
92,66,-61
85,78,-38
71,70,-32
53,54,-7
15,21,18
-11,-6,5
-21,-11,-15
-21,-12,-23
2,-6,-35
29,2,-57
53,13,-53
58,39,-43
44,50,-36
42,45,-29
39,30,-3
9,3,28
-5,-14,25
-31,-21,3
-29,-10,-6
-22,-5,-41
-5,-8,-60
31,5,-59
53,30,-58
54,42,-49
49,53,-36
28,48,-1
-13,-6,17
-44,-66,4
-64,-92,11
-60,-89,-2
-30,-78,-29
9,-46,-38
21,-7,-38
40,12,-31
60,13,-33
63,-3,-9
47,-32,19
21,-59,30
-19,-64,24
-37,-55,12
-43,-32,2
-21,4,-31
16,35,-48
28,35,-44
32,26,-25
36,17,16
-3,-35,35
-29,-78,21
-43,-83,6
-58,-64,-13
-56,-44,-30
-3,-31,-45
41,-19,-65
49,-1,-58
50,8,-44
38,12,-30
7,-6,-22
-16,-33,-12
-15,-54,-8
-38,-71,-16
-72,-83,-29
-68,-74,-46
-35,-41,-51
-17,-16,-45
-7,0,-50
-3,14,-47
-13,27,-32
-15,5,-2
-25,-5,12
-40,-14,7
-32,-31,-3
-49,-17,3
-38,12,-6
1,40,-17
17,49,-16
24,28,-5
28,18,-2
17,2,0
-4,1,-4
-32,-22,2
-60,-53,15
-69,-69,20
-62,-67,5
-51,-56,-25
-23,-51,-28
12,-27,-17
25,2,9
26,8,24
-1,-4,22
-36,-31,13
-59,-75,7
-76,-102,-1
-65,-83,-7
-49,-60,-25
-21,-39,-41
17,-8,-41
50,20,-30
57,28,-8
36,24,-7
7,19,-3
-40,-30,24
-52,-51,24
-46,-53,-2
-12,-46,-19
34,-7,-12
53,22,-10
55,34,-6
32,29,-4
20,18,14
19,17,22
15,1,-5
11,-17,-26
-7,-30,-33
-14,-32,-35
-16,-23,-50
-4,-18,-54
20,8,-46
57,43,-40
76,50,-2
78,35,15
68,21,8
47,11,4
-5,-16,11
-46,-25,9
-45,-29,-23
-22,-26,-48
11,4,-82
45,39,-93
58,53,-83
72,50,-56
58,49,-18
49,46,24
38,19,28
9,-2,-1
-4,-8,-18
-3,-10,-29
-11,-12,-32
12,19,-43
26,54,-41
32,67,-38
52,85,-19
74,89,16
70,76,28
31,35,42
-10,0,39
-36,-16,24
-39,-37,-8
-24,-55,-44
4,-35,-46
28,12,-33
50,46,-21
62,68,0
52,66,24
14,45,40
-15,-5,33
-26,-44,7
-19,-33,-44
0,-26,-57
35,-9,-50
70,23,-37
67,52,-23
45,54,-8
35,37,10
8,10,29
-19,-23,18
-30,-40,-3
-39,-34,-30
-26,-34,-56
14,-17,-49
50,2,-24
60,29,-8
58,48,4
51,45,22
15,12,25
-8,-32,21
-29,-56,18
-37,-62,-1
-39,-62,-9
-31,-69,-33
-13,-55,-53
18,-4,-47
30,34,-22
23,37,7
19,24,19
0,11,26
-36,-13,46
-54,-41,35
-60,-61,5
-46,-75,-5
-20,-64,-1
16,-21,-1
56,29,16
76,59,24
69,56,19
63,52,14
4,-5,12
-47,-20,13
-74,-24,-9
-54,-24,-19
-19,-12,-20
19,17,-30
53,44,-27
54,63,-15
71,70,14
75,59,35
74,51,27
36,10,22
-4,-15,38
-22,-25,21
-22,-7,-21
34,27,-40
68,47,-24
59,50,25
42,37,43
6,18,45
-24,-24,54
-22,-50,51
-35,-45,35
-47,-25,29
-50,-15,13
-48,-12,6
-16,-12,-5
30,2,-6
48,14,8
48,10,8
28,1,11
-4,-15,13
-34,-30,7
-51,-17,11
-50,0,10
-31,-1,2
-9,4,-3
17,27,2
38,62,1
54,64,-1
43,49,-3
9,32,13
-34,11,25
-52,1,19
-57,-39,16
-42,-51,-8
-21,-22,-19
2,5,-14
33,21,-23
66,57,-21
80,72,-16
56,55,-10
16,31,4
-14,7,0
-49,-3,2
-58,-1,3
-53,-13,-14
-45,-22,-19
-19,3,-26
22,30,-15
43,36,-9
61,36,-4
58,38,22
34,19,49
7,-27,50
-19,-54,33
-20,-46,18
-4,-47,3
35,-3,-19
61,16,-27
69,23,-5
58,12,4
40,-6,10
-7,-50,6
-59,-86,-11
-71,-95,-13
-54,-84,-2
-39,-63,-7
-4,-16,-10
12,24,-7
34,40,-5
41,60,-1
53,67,14
59,41,22
59,28,24
30,4,24
-10,-19,10
-40,-61,4
-48,-79,-10
-20,-63,-17
20,-26,-24
38,18,-36
51,46,-36
75,39,-27
76,19,-18
42,-10,1
25,-22,9
-1,-45,5
-20,-51,6
-29,-47,-4
-43,-43,-35
-37,-19,-41
-7,10,-29
26,20,-8
47,42,8
65,63,9
56,47,21
36,29,33
26,28,27
-15,-5,7
-24,-29,-16
-12,-7,-32
22,20,-38
36,35,-40
65,41,-39
62,55,-36
47,63,7
28,64,35
-1,53,46
-30,47,24
-53,58,15
-62,77,21
-57,93,28
-46,115,36
-35,141,50
-49,102,75
-102,58,101
-170,0,129
-228,-66,126
-242,-104,123
-249,-116,97
-236,-112,81
-214,-88,52
-149,-56,14
-58,-52,-25
-7,-82,-33
5,-133,-36
0,-187,-43
-20,-211,-55
-27,-211,-58
-33,-186,-71
-30,-180,-85
-11,-170,-96
24,-141,-109
87,-103,-100
124,-50,-97
154,15,-94
165,69,-65
153,98,-17
129,79,-11
89,56,-15
63,65,9
44,77,17
46,74,10
71,81,-6
96,88,-11
108,100,-16
124,108,1
106,98,22
85,69,23
65,34,12
34,3,3
19,-10,-1
2,-7,18
0,-5,6
5,17,-12
7,26,-19
28,45,-17
42,55,-3
51,60,3
54,57,28
53,16,41
41,-4,44
8,-30,34
-18,-20,8
-49,2,-15
-69,10,-31
-35,5,-51
22,19,-40
63,47,-11
67,47,15
37,36,40
3,33,52
-19,17,35
-27,2,10
-22,1,-10
-5,6,-10
28,18,-3
60,26,-1
71,29,-1
73,46,21
65,67,37
59,73,43
51,51,50
30,12,59
8,-11,49
-4,-37,36
-2,-40,30
6,-39,9
25,-16,-10
69,31,-9
75,79,4
39,95,17
27,68,23
14,20,19
-6,-38,11
-27,-63,3
-50,-60,-9
-41,-36,-11
7,6,-18
43,27,-15
62,34,0
64,37,16
62,37,20
48,25,21
34,5,22
1,-18,23
-35,-32,32
-34,-30,20
-48,-11,2
-51,7,-15
-29,41,-47
8,76,-44
41,81,-29
46,65,-9
41,53,11
21,17,14
-15,-35,-9
-31,-50,-14
-12,-33,8
-3,-24,17
11,-16,3
11,-1,-16
10,26,-32
24,45,-22
44,53,10
17,22,15
-32,-5,8
-68,-32,-31
-75,-48,-80
-65,-36,-88
-42,-6,-78
-3,30,-87
19,37,-92
9,44,-60
5,30,-30
25,11,-26
16,3,-18
-6,-18,-21
-46,-49,-26
-60,-67,-40
-62,-54,-60
-40,-17,-69
3,26,-72
28,53,-65
18,42,-51
13,31,-18
-8,19,1
-17,-10,-4
-24,-22,-15
-17,-24,-19
-16,-39,-43
-10,-51,-61
4,-20,-78
37,29,-81
50,50,-78
49,63,-47
32,49,-20
14,28,6
19,1,29
20,-22,42
15,-34,33
17,-51,-10
10,-64,-49
22,-40,-44
37,4,-27
49,32,-30
50,56,-27
59,64,-14
72,44,-7
48,1,-10
15,-30,-18
22,-48,-17
47,-46,-7
61,-28,-32
66,-2,-62
69,13,-34
64,19,2
59,30,18
49,12,25
-7,-26,8
-40,-27,-9
-37,-20,-29
-19,-26,-47
4,-10,-56
25,26,-67
33,41,-69
45,52,-58
50,41,-53
51,15,-23
21,-21,-7
7,-35,1
-33,-57,-6
-37,-52,-11
-36,-43,-23
-17,-20,-44
-7,-8,-50
32,18,-33
72,38,-16
80,51,-8
58,60,1
45,61,5
22,48,14
4,16,29
-29,-12,29
-42,-24,27
-67,-49,30
-39,-56,16
-8,-41,-9
7,-33,-20
13,-5,-30
28,45,-22
45,69,-12
57,62,-13
57,37,3
25,15,28
-23,-18,29
-40,-66,23
-37,-73,4
-35,-75,-22
-27,-53,-33
-22,-17,-26
19,7,-33
64,14,-28
73,28,-13
60,24,4
51,7,23
30,-1,31
10,-20,31
-8,-35,16
-24,-34,1
-36,-10,-12
-10,16,-6
27,43,-17
73,47,-28
76,60,-18
55,50,-3
3,0,22
-2,-31,1
-11,-42,-15
-5,-34,-34
2,-5,-48
19,32,-44
26,52,-34
13,42,-15
3,9,15
-16,-23,27
-44,-47,27
-50,-64,15
-140,-52,-8
-71,-44,-30
-35,-10,-39
7,21,-30
48,34,-12
67,32,-3
69,28,-2
58,23,8
32,-13,19
4,-44,27
-29,-56,8
-55,-88,-18
-47,-108,-41
9,-78,-56
53,-24,-46
69,32,-10
73,56,7
63,41,10
56,33,11
44,1,22
30,-32,11
23,-45,5
9,-57,-22
1,-67,-55
-10,-68,-76
-5,-54,-66
34,-19,-47
25,3,-17
14,23,20
3,11,46
-21,-29,50
-41,-50,24
-48,-57,12
-36,-67,12
-49,-55,8
-43,-43,-4
-18,-15,-21
1,5,-38
28,19,-43
35,33,-39
48,24,-15
44,-6,11
9,-47,29
-17,-59,19
-13,-60,1
10,-38,-24
34,-6,-36
47,10,-33
47,22,-9
40,25,10
28,1,22
-7,-33,23
-42,-58,21
-41,-57,12
-23,-45,3
6,-34,-19
24,-14,-45
32,33,-38
26,52,-27
39,54,-20
52,43,-14
58,35,4
47,2,16
25,-41,22
1,-69,5
-12,-69,-33
-24,-59,-69
-2,-25,-89
34,18,-68
49,50,-42
49,62,-28
49,57,-34
49,36,-22
49,16,-9
26,-11,-2
14,-22,2
-11,-15,-15
-25,-11,-22
-34,-11,-22
-8,-9,-27
22,30,-22
57,61,-35
67,49,-44
53,31,-35
26,4,-20
1,-52,-4
-22,-94,11
-44,-103,-1
-46,-89,-26
-28,-53,-37
4,-10,-34
43,27,-37
57,36,-28
74,55,-4
78,61,6
73,44,3
48,-9,2
-6,-69,8
-30,-62,-5
-7,-52,-22
41,-14,-31
77,9,-44
90,11,-31
87,10,-27
81,9,-24
58,17,-22
29,6,-14
5,-39,-18
-1,-76,-24
-3,-89,-25
-9,-87,-22
2,-58,-32
26,-11,-48
36,11,-53
46,42,-62
49,58,-39
49,63,-27
49,40,-14
49,18,-2
11,-8,8
-7,-19,12
-22,-25,18
-31,-26,8
-44,-35,6
-34,-43,-4
-12,-17,-10
9,15,-14
31,13,-15
35,-1,-10
26,37,15
21,53,23
18,82,45
1,66,65
-7,56,71
-39,40,34
-66,60,22
-74,87,21
-55,96,34
-19,114,38
0,124,76
-4,114,90
-37,104,92
-85,52,94
-152,-26,102
-204,-113,103
-232,-189,96
-254,-223,92
-251,-240,62
-196,-235,46
-107,-202,-6
-10,-154,-78
61,-136,-115
78,-143,-113
78,-152,-134
66,-182,-117
30,-213,-91
19,-229,-95
38,-204,-121
65,-163,-124
112,-115,-110
144,-64,-96
178,-3,-73
181,35,-48
152,30,-26
132,27,-6
93,11,4
62,14,2
42,22,-24
42,42,-28
49,45,-31
61,55,-44
73,83,-58
76,92,-53
74,82,-54
41,58,-62
-15,15,-47
-48,-21,-20
-50,-52,-10
-49,-63,-9
-36,-59,-8
-9,-38,-8
11,-6,-21
22,41,-45
39,53,-56
48,42,-36
55,33,-14
53,5,-2
46,-26,3
35,-45,-6
18,-42,-24
-3,-24,-39
0,-12,-44
26,-2,-38
49,7,-35
56,24,-25
33,29,-20
13,6,-25
3,-4,-25
-6,-22,-18
-18,-47,-12
-30,-43,-14
-35,-16,-32
-32,-23,-29
9,-27,-22
29,-13,-18
31,13,-6
22,14,-4
6,0,2
-17,-8,3
-50,-24,-29
-66,-60,-51
-45,-94,-61
-33,-104,-62
-24,-75,-95
-19,-57,-105
15,-6,-108
57,14,-90
47,5,-62
30,-9,-57
-15,-24,-32
-49,-60,-12
-56,-93,-9
-36,-94,-22
-9,-59,-28
4,-41,-30
36,21,-26
61,48,-23
56,41,-25
31,28,-6
5,-5,-3
-6,-19,-2
-25,-45,-9
-41,-61,-21
-49,-95,-42
-41,-103,-47
-21,-75,-52
-15,-34,-68
9,-3,-67
38,2,-53
50,9,-38
33,13,-29
21,-2,-18
6,-37,-8
-28,-55,-12
-66,-54,-29
-80,-45,-40
-60,-51,-32
-38,-33,-20
-26,-23,-14
-17,5,-31
1,20,-46
25,20,-27
26,16,1
1,-2,32
-11,-9,44
-33,-45,52
-45,-74,45
-51,-73,19
-47,-69,4
-52,-32,-7
-32,21,-19
6,42,-22
29,47,-23
39,46,1
37,24,9
12,-16,16
-22,-45,20
-43,-54,2
-52,-61,-16
-36,-55,-33
-5,-43,-52
21,2,-40
31,20,-12
48,27,2
44,4,42
-2,-60,37
-25,-85,10
-25,-105,-19
-23,-108,-31
-31,-104,-39
-27,-84,-51
9,-46,-51
25,-26,-42
27,-12,-36
15,-4,-38
34,8,-23
36,-4,-16
35,-10,-26
-3,-38,-29
-26,-59,-31
-19,-56,-32
-9,-42,-45
-5,-33,-48
-10,-32,-56
1,-23,-44
41,29,-21
57,50,-9
61,73,-1
49,68,-22
39,42,-21
-6,-2,-23
-43,-45,-25
-40,-67,-30
-36,-62,-39
-30,-51,-54
-26,-27,-64
9,-11,-76
24,-9,-77
63,-7,-74
78,-6,-59
58,-2,-33
21,-15,-10
-19,-39,-9
-41,-59,-25
-41,-82,-21
-21,-101,-35
-6,-82,-47
18,-63,-47
50,-30,-54
70,13,-40
47,2,-17
23,-22,17
-10,-49,48
-27,-69,55
-18,-53,42
-13,-34,13
-18,-29,-13
7,-7,-27
43,21,-36
59,29,-35
53,19,-10
44,18,1
-6,-31,2
-51,-67,-13
-68,-64,-23
-54,-52,-32
-24,-23,-42
-8,17,-37
-4,44,-44
11,38,-46
18,17,-27
21,7,-11
-9,-19,-3
-47,-47,1
-61,-57,3
-78,-67,3
-76,-73,0
-71,-72,-1
-67,-64,-5
-55,-40,-47
-22,-2,-69
5,6,-58
18,9,-49
34,15,-36
25,42,-22
20,53,-15
8,63,-27
-11,39,-3
-46,-10,15
-59,-31,22
-44,-55,-13
-30,-56,-19
-23,-54,-20
-22,-25,-37
-5,12,-66
8,27,-69
24,29,-46
32,21,-18
20,-8,0
-8,-54,2
-40,-80,9
-55,-81,-12
-45,-76,-48
-23,-52,-63
-1,-13,-71
19,12,-59
11,30,-38
-11,27,-15
-21,25,0
-34,-20,-7
-38,-71,-40
-49,-85,-62
-54,-67,-64
-37,-43,-60
9,-27,-43
48,0,-37
63,25,-27
53,45,-24
46,49,-20
27,13,-15
18,-4,-12
-19,-50,-11
-6,-45,-11
22,-26,-43
51,-1,-56
73,16,-24
77,0,12
56,-23,26
24,-28,30
4,-38,8
-6,-40,-2
-15,-63,-15
-41,-83,-13
-70,-71,-13
-79,-62,-12
-62,-51,-16
-29,-34,-17
-6,-15,-34
10,-7,-39
4,-5,-24
18,8,-26
-4,-5,-23
-38,-33,-19
-53,-53,-29
-70,-62,-37
-52,-52,-49
-18,-18,-39
11,27,-38
30,47,-31
34,43,-9
34,39,9
42,28,17
27,14,20
-11,-19,21
-29,-35,5
-33,-33,-17
-55,-35,-31
-47,-33,-46
-9,-9,-54
47,4,-37
76,16,-26
66,40,-9
41,21,-25
20,-32,20
-12,-55,48
-38,-51,45
-45,-41,8
-31,-32,-10
4,-26,-17
30,-12,-13
27,11,-25
11,7,-23
21,0,-5
11,-17,11
-28,-57,42
-48,-57,53
-64,-57,-14
-52,-53,-43
-23,-30,-53
-3,9,-46
-1,9,-40
-22,-23,-32
-56,-38,-25
-84,-73,-33
-106,-120,-35
-100,-125,-29
-63,-114,-51
-31,-96,-87
12,-60,-95
30,-38,-76
38,-30,-37
35,-34,-2
22,-51,11
-2,-61,6
-6,-60,-7
-7,-70,-29
-7,-80,-57
-17,-67,-89
-21,-37,-108
-15,-22,-110
29,12,-88
54,32,-74
40,27,-46
24,15,-11
-3,-6,-1
-36,-31,2
-71,-57,-3
-94,-66,-21
-99,-75,-45
-58,-63,-62
-12,-25,-61
10,-6,-57
31,14,-56
50,12,-55
57,21,-34
41,28,-11
5,-9,-9
-25,-25,-8
-42,-46,-8
-37,-51,-20
-35,-42,-26
-13,-15,-44
15,16,-50
38,55,-28
38,74,-14
3,76,-11
-36,54,20
-66,31,50
-90,27,61
-105,48,58
-134,80,63
-131,85,62
-133,74,63
-166,64,88
-206,20,114
-227,-46,137
-247,-114,142
-262,-177,106
-243,-209,52
-178,-238,-2
-98,-245,-61
-33,-248,-115
-2,-253,-146
27,-242,-153
39,-216,-160
24,-201,-152
-1,-204,-128
-21,-223,-107
-28,-220,-92
-13,-216,-118
-9,-193,-139
-6,-160,-155
13,-136,-154
47,-75,-147
68,-3,-111
81,51,-65
103,81,-40
96,77,-28
66,59,-5
49,48,5
13,16,19
-19,-24,5
-12,-20,-30
6,2,-47
28,25,-58
55,51,-69
75,78,-53
71,98,-18
81,101,9
88,82,16
52,44,13
-2,-1,16
-20,-29,8
-15,-34,-21
-16,-17,-37
4,-1,-62
39,19,-59
41,30,-41
33,35,-21
41,28,-14
9,0,-19
-24,-25,-24
-35,-48,-36
-46,-52,-44
-55,-46,-50
-1,11,-61
21,45,-49
27,50,-36
31,48,-27
7,28,-2
-43,-22,-11
-74,-73,-36
-85,-95,-34
-74,-75,-38
-47,-43,-58
-6,-12,-67
36,11,-73
38,24,-68
37,28,-62
25,37,-31
1,36,-7
-24,-3,-20
-39,-16,-31
-66,-26,-43
-93,-53,-58
-103,-65,-74
-80,-54,-78
-23,-15,-64
25,24,-63
61,44,-49
83,24,-23
89,3,-8
62,-6,2
15,-23,7
-23,-39,-10
-51,-43,-24
-56,-46,-33
-31,-23,-45
-10,23,-54
-3,42,-61
-2,34,-51
-20,21,-21
-38,4,-19
-53,-37,-24
-67,-66,4
-61,-73,1
-56,-64,-39
-35,-56,-39
-24,-50,-37
-4,-7,-27
11,12,-19
14,14,-18
-1,6,-1
-41,-27,17
-71,-46,0
-86,-54,-13
-88,-55,-18
-88,-59,-21
-79,-64,-46
-53,-63,-63
-19,-21,-48
-9,5,-40
-15,17,-34
-48,-6,-13
-87,-46,-3
-111,-63,15
-107,-63,-4
-86,-80,-31
-77,-85,-40
-43,-55,-44
-26,-39,-43
10,0,-42
28,14,-25
14,13,-5
-5,-6,13
-36,-46,19
-69,-64,11
-77,-68,-4
-74,-78,-23
-46,-54,-36
-14,-20,-41
1,7,-34
8,20,-23
15,26,-17
-6,29,4
-18,22,20
-22,18,22
-14,-25,22
-36,-57,21
-66,-66,6
-89,-78,-27
-95,-79,-41
-100,-72,-40
-69,-36,-27
-20,9,-36
9,43,-28
27,61,-6
50,46,-3
57,37,0
19,-4,1
-21,-37,26
-28,-66,17
-15,-74,-17
0,-65,-42
8,-26,-58
31,-4,-63
47,2,-52
43,16,-50
23,21,-58
10,5,-53
10,-35,-32
7,-66,-36
-15,-85,-49
-15,-95,-57
-6,-76,-72
-2,-63,-76
-1,-36,-89
28,-11,-88
48,-3,-82
1,-18,-29
-19,-45,-25
-45,-55,-22
-50,-64,-48
-54,-72,-45
-62,-62,-46
-31,-35,-52
8,-7,-53
8,0,-55
8,4,-52
28,16,-38
36,22,-4
24,23,12
8,-3,20
-20,-33,17
-34,-51,12
-35,-68,9
-30,-46,1
-15,-34,-26
11,-28,-51
24,-4,-53
29,5,-37
25,11,-22
22,13,-7
-19,-5,-11
-69,-27,2
-88,-36,12
-93,-78,-7
-82,-93,-15
-68,-70,-26
-50,-31,-26
-18,-2,-25
5,15,-20
16,25,-7
33,26,4
30,13,13
27,-14,15
-11,-25,16
-57,-54,3
-74,-64,-23
-77,-75,-33
-58,-87,-37
-28,-68,-50
1,-18,-66
16,17,-63
9,16,-37
-12,13,-16
-23,-9,-18
-29,-56,-16
-54,-86,-23
-59,-91,-26
-61,-92,-25
-64,-89,-36
-31,-69,-46
5,-28,-55
31,14,-46
41,33,-31
36,57,-23
-25,-32,6
-51,-68,16
-69,-81,11
-83,-75,9
-53,-68,-21
-21,-34,-38
-3,14,-40
22,44,-31
23,48,-16
8,40,2
-4,13,7
-21,-37,-5
-48,-74,-1
-48,-80,-5
-45,-79,-7
-46,-64,-30
-58,-42,-48
-39,-11,-42
-11,14,-29
13,38,-26
20,37,-26
5,33,-17
-1,30,0
-37,2,8
-63,-55,16
-79,-63,-13
-56,-63,-42
-31,-55,-74
-29,-25,-85
2,14,-71
17,44,-45
24,36,-27
28,21,-10
-4,3,-9
-61,-32,-26
-84,-42,-45
-60,-34,-55
-42,-38,-72
-21,-32,-97
-10,-28,-103
15,-4,-93
39,15,-64
26,35,-44
9,48,-20
-3,38,-6
-25,13,-5
-44,-18,-12
-69,-42,-9
-77,-48,-12
-110,-60,-20
-93,-45,-24
-36,-19,-32
-9,-18,-29
2,-1,-19
17,3,-18
-7,-27,-21
-65,-66,-29
-82,-85,-30
-69,-87,-45
-57,-81,-68
-34,-52,-57
-4,-11,-45
10,19,-58
-2,23,-57
-22,-1,-26
-53,-37,-1
-64,-51,3
-69,-40,6
-59,-16,1
-52,-33,1
-33,-29,-14
-9,-8,-40
3,29,-52
21,45,-54
28,62,-39
19,29,7
-1,28,24
-37,25,20
-51,-19,15
-58,-38,12
-49,-58,-11
-49,-60,-49
-21,-51,-53
16,-24,-46
19,-5,-45
12,-10,-41
18,-19,-16
-7,-23,12
-17,-24,24
-37,-47,23
-63,-84,19
-66,-79,-5
-64,-73,-34
-57,-78,-45
-37,-46,-56
-4,1,-55
15,11,-50
27,-2,-23
3,-2,-6
-28,-12,15
-29,-35,22
-28,-44,24
-28,-38,8
-46,-29,-9
-61,-47,-33
-58,-50,-61
-53,-30,-72
-32,-19,-73
8,1,-73
40,28,-59
52,28,-38
50,4,-7
14,-23,18
-37,-49,25
-50,-59,25
-57,-61,-20
-36,-35,-40
-25,-21,-47
17,7,-34
38,34,-28
39,31,-24
35,22,-5
15,-9,16
-14,-57,9
-35,-67,-4
-46,-64,-20
-43,-53,-19
-31,-28,-17
-1,14,-16
27,53,-7
31,91,-6
15,107,16
2,94,38
-23,79,70
-56,67,83
-72,55,52
-95,47,25
-114,63,15
-117,67,10
-100,84,27
-65,103,34
-55,97,45
-79,74,82
-124,37,101
-175,-18,121
-222,-93,132
-249,-162,114
-244,-209,67
-222,-214,-2
-161,-206,-59
-125,-192,-89
-63,-192,-98
-15,-193,-121
14,-206,-145
19,-203,-132
6,-201,-93
-12,-219,-79
-11,-226,-78
-9,-217,-73
-8,-177,-83
-20,-115,-94
12,-77,-107
77,-30,-130
135,29,-132
134,74,-101
123,107,-65
107,114,-41
82,103,-16
46,73,9
23,48,-2
12,34,-35
34,57,-50
59,80,-49
88,84,-37
80,89,-35
62,103,-23
55,80,1
26,44,19
-15,27,10
-24,14,-28
-67,9,-52
-31,7,-60
-2,24,-48
11,40,-24
39,45,-12
53,58,3
41,63,9
33,64,18
28,61,21
28,57,22
3,29,34
-8,15,37
-32,-11,55
-54,-43,36
-48,-64,13
-43,-94,-24
-20,-51,-39
19,-6,-43
54,9,-39
68,36,-29
63,36,21
60,21,54
27,-10,58
-2,-30,51
-18,-43,31
-35,-41,-1
-45,-29,-15
-30,-4,-4
-10,38,-12
3,71,-6
21,82,17
42,77,27
48,74,23
14,29,6
-12,-2,11
-30,-20,17
-36,-26,1
-32,-25,-7
-20,-25,-16
5,-19,-20
41,-2,-26
63,23,-33
60,27,-24
29,26,-8
-10,21,-3
-37,-2,-1
-59,-29,19
-66,-26,30
-37,-14,19
24,18,0
32,42,9
37,41,26
34,17,32
12,-3,22
-16,-26,25
-26,-55,36
-29,-65,39
-32,-73,39
-38,-51,28
-30,-22,7
-7,17,-11
23,36,-5
34,50,7
29,40,18
27,18,23
1,-19,7
-37,-53,14
-60,-74,19
-56,-62,14
-48,-31,15
-15,15,8
13,55,12
33,64,30
41,65,40
38,56,43
22,35,47
5,25,54
-23,22,65
-44,4,58
-40,-10,25
-43,-23,8
-42,-16,17
-20,14,17
3,41,1
25,61,15
41,65,39
29,38,65
11,1,66
-19,-37,49
-32,-36,43
-36,-22,45
-36,-3,33
-32,6,0
1,30,-14
45,63,-4
66,74,37
73,69,71
60,59,80
30,22,87
-9,1,72
-21,3,56
-25,4,46
-17,10,29
-5,11,7
18,25,-16
54,38,-12
80,45,-10
88,58,30
73,35,42
63,23,45
37,-1,40
24,-12,20
12,-9,10
7,7,-11
5,18,-33
23,45,-46
-48,79,-22
25,91,-10
87,91,3
128,83,7
128,79,18
122,73,22
91,61,41
68,31,60
54,16,66
19,4,65
-4,0,67
-14,-11,56
5,-4,27
29,0,13
66,20,-12
101,49,-13
112,60,-13
112,75,17
100,71,52
90,66,66
62,37,70
47,22,69
20,3,63
7,-6,57
54,35,25
86,67,36
95,73,54
83,57,78
41,31,96
20,0,104
10,-18,77
15,-25,61
43,-9,30
71,26,-5
93,70,-21
102,100,-21
106,130,-6
94,150,18
97,132,54
76,97,63
36,59,63
13,42,49
15,29,28
36,42,45
50,70,56
54,79,59
75,105,62
82,120,82
96,120,125
74,107,154
41,68,148
17,49,129
-1,44,113
14,84,106
55,144,99
72,164,98
101,168,93
119,161,94
128,150,99
126,138,97
125,129,98
117,108,81
73,55,77
24,32,93
13,34,106
21,41,93
56,72,97
88,100,101
101,112,82
129,126,79
139,120,98
126,94,121
90,69,122
59,62,99
56,56,74
52,51,60
52,47,50
63,67,24
65,73,11
74,108,29
86,139,56
120,133,78
144,114,97
145,108,102
125,78,101
109,47,115
64,31,116
32,26,107
16,23,81
29,26,65
34,25,47
57,56,17
85,90,6
119,129,20
149,152,54
166,150,79
145,158,100
97,129,128
64,79,129
46,51,108
36,52,82
36,50,66
29,54,55
63,87,54
116,134,59
141,160,81
141,152,112
125,109,140
107,81,148
85,70,134
59,59,112
71,56,101
98,82,91
107,143,86
126,187,99
135,198,114
141,188,148
123,162,169
109,143,170
78,108,153
63,63,123
64,40,98
48,26,82
37,66,88
77,91,96
126,102,104
142,103,111
148,135,109
148,154,106
141,155,100
118,120,102
69,76,93
16,30,80
7,17,79
45,25,68
64,32,43
86,46,38
116,63,62
135,87,80
143,110,97
139,105,113
125,90,132
82,84,145
29,65,131
37,37,108
64,42,94
96,79,83
140,114,91
162,119,103
161,143,133
159,167,166
152,157,183
123,136,165
102,127,151
94,107,132
106,74,98
117,70,84
139,94,82
142,100,77
159,125,75
143,147,94
100,153,118
89,129,119
64,80,110
44,44,93
38,46,70
44,54,48
66,69,49
99,87,57
123,110,62
125,107,90
111,103,113
88,95,127
73,87,127
60,56,124
56,38,130
66,38,126
73,46,102
66,75,91
92,114,87
114,143,95
114,154,104
131,156,106
139,151,110
125,142,120
108,113,123
79,98,109
59,81,95
74,70,83
105,87,65
140,112,72
157,122,119
158,139,135
137,124,121
127,99,130
122,77,126
114,63,118
74,63,97
53,60,82
41,81,71
57,96,60
97,112,70
113,134,90
125,144,110
134,138,124
111,133,124
70,123,121
50,108,135
45,101,147
58,86,127
81,111,109
126,169,107
162,226,123
158,274,172
146,290,200
131,265,204
93,228,214
63,197,222
15,171,234
-2,167,247
-13,152,256
-38,149,269
-37,122,273
-42,93,254
-43,50,236
-42,29,217
-16,-22,176
5,-56,122
14,-75,65
49,-79,37
84,-87,6
95,-78,-9
107,-70,-15
144,-27,-6
184,7,-5
193,22,-4
226,51,32
229,57,55
201,56,57
164,45,56
153,49,62
152,49,55
146,64,44
163,96,33
199,140,34
237,179,49
251,216,77
256,244,109
236,241,127
196,205,135
176,172,130
145,147,93
101,124,66
72,137,74
101,173,75
156,199,87
194,218,101
201,221,119
201,211,143
189,194,156
154,171,152
121,155,148
103,129,138
112,117,133
120,122,99
133,130,86
158,148,112
174,163,113
164,177,117
148,169,144
134,124,168
117,98,170
99,73,168
86,80,153
76,80,139
86,80,117
120,102,93
148,131,85
148,146,82
142,135,106
135,124,134
122,106,140
111,71,132
80,35,120
55,28,100
59,62,82
57,75,69
85,73,59
120,89,78
138,118,103
140,125,109
142,123,116
133,126,135
118,132,144
78,100,144
56,81,137
26,52,116
22,41,96
37,37,80
55,38,74
59,69,82
84,80,81
106,124,76
113,129,78
111,125,82
107,123,80
111,101,76
98,47,92
58,24,94
29,24,84
26,35,86
41,58,75
87,88,57
132,96,62
151,106,78
142,126,72
137,123,66
115,105,85
83,78,98
53,53,97
45,42,92
39,35,86
44,45,72
70,91,78
114,107,77
130,132,77
125,115,95
117,102,99
131,102,128
81,84,151
54,72,154
43,39,133
38,31,111
74,63,92
105,112,87
137,143,103
142,156,111
118,150,104
90,114,113
52,47,129
42,30,136
48,41,128
48,73,118
66,94,103
71,99,85
103,103,73
128,117,85
133,118,86
117,126,99
104,111,122
91,92,137
64,76,134
42,61,131
23,54,118
5,62,95
-3,63,85
26,64,76
56,90,72
79,133,64
85,139,79
111,135,82
137,117,86
126,95,90
70,70,98
41,55,97
20,20,101
26,-2,100
41,19,77
67,43,51
82,61,57
115,95,49
126,130,37
124,140,31
131,135,46
140,105,73
138,87,82
123,50,89
101,36,73
66,34,67
43,36,63
55,50,39
58,53,13
63,64,1
96,96,8
137,141,46
159,154,61
155,139,72
149,109,88
138,90,108
106,49,115
65,12,113
42,-6,97
30,-13,67
34,25,47
54,57,50
103,86,63
106,111,60
99,133,75
83,116,97
72,103,111
69,63,111
79,43,96
71,45,67
57,33,41
69,41,29
71,66,33
93,74,33
124,91,39
142,107,69
130,103,76
106,98,78
80,80,102
51,44,105
26,17,87
36,27,76
72,66,56
100,105,56
138,145,68
149,156,70
158,153,72
136,144,92
120,133,96
92,101,104
54,70,106
19,63,101
10,67,83
19,62,72
40,61,61
48,58,54
83,84,46
122,91,36
142,118,43
137,150,78
114,141,98
76,110,113
46,59,108
49,25,105
38,19,100
32,14,79
45,36,71
71,72,76
102,103,86
125,116,83
128,108,106
107,97,139
75,82,134
57,71,126
20,48,91
2,41,75
10,26,59
20,31,46
48,55,42
100,82,48
119,101,69
143,104,75
122,120,113
91,105,126
58,82,109
30,73,102
16,65,94
14,57,81
12,61,61
13,60,50
41,59,27
84,79,23
102,111,43
103,108,69
99,102,78
101,95,90
74,104,95
41,92,82
30,66,73
19,59,70
11,45,84
14,56,90
36,98,77
42,128,62
69,135,75
105,142,77
117,141,89
117,134,90
107,129,89
79,88,101
54,32,108
40,6,106
31,-15,91
34,-24,58
38,-28,41
60,7,42
67,23,41
90,88,39
96,101,67
88,103,81
100,87,96
78,67,100
44,46,94
30,39,85
35,33,55
35,19,14
30,33,-1
38,70,10
70,121,28
98,153,65
119,153,80
109,141,92
75,121,87
56,106,80
37,80,61
30,63,62
15,36,53
8,22,47
11,50,46
12,60,43
41,77,51
64,104,58
71,111,59
72,116,102
62,82,106
41,61,94
15,70,85
7,47,74
3,35,66
9,35,65
18,53,59
57,70,42
73,75,32
106,94,35
109,129,86
103,138,104
89,114,105
72,81,81
54,26,57
43,0,43
25,8,46
27,11,45
45,24,41
84,70,38
98,87,35
117,109,61
117,101,78
111,93,82
100,83,80
76,79,90
62,48,91
-21,-12,90
-38,-34,77
-33,-13,68
-29,-2,61
-30,26,39
21,49,32
43,57,27
51,58,24
48,38,26
44,11,41
28,-1,57
6,-5,66
-4,-6,67
-35,5,58
-46,18,37
-29,21,27
-20,22,21
10,24,10
53,77,20
70,97,23
91,100,38
99,96,59
89,64,70
57,14,67
15,-17,58
8,-32,51
5,-37,45
13,-10,50
22,29,38
56,70,10
94,101,8
107,107,14
98,106,35
89,91,72
31,42,68
-20,23,58
-51,33,40
-56,41,28
-16,69,30
28,97,27
45,114,25
51,116,23
63,104,37
63,89,60
52,65,72
29,48,79
4,13,80
-15,-6,60
-23,3,35
-3,29,32
28,68,52
57,126,78
83,166,103
81,187,133
49,195,170
-5,196,182
-77,170,207
-111,130,212
-120,106,190
-115,93,171
-105,110,144
-93,134,92
-83,127,83
-80,118,75
-91,81,102
-112,38,127
-144,-21,135
-168,-80,128
-147,-135,100
-103,-171,52
-59,-192,4
0,-204,-27
52,-186,-67
78,-141,-80
99,-80,-62
118,-61,-40
119,-54,-29
90,-44,-19
88,-51,-7
100,-42,2
109,-21,-5
134,5,-11
139,17,-13
169,88,-16
174,129,-16
195,141,2
209,168,10
192,192,41
172,180,60
120,138,88
91,99,50
74,77,34
65,90,25
76,123,18
82,135,17
113,146,38
122,143,45
100,112,56
86,95,78
75,83,84
50,73,82
29,68,78
18,57,79
13,49,76
16,39,47
42,39,20
52,37,7
69,54,12
93,79,39
110,105,57
111,116,61
104,115,79
88,104,84
50,78,88
19,47,79
11,12,55
6,-2,26
20,7,13
41,42,18
46,83,25
37,104,35
40,87,66
42,35,74
-1,0,76
-46,-16,82
-59,0,81
-66,10,72
-52,23,56
-43,28,46
-10,54,21
15,83,9
30,98,13
48,98,43
50,77,62
40,59,63
3,35,61
-37,22,49
-60,17,40
-51,28,36
-37,47,21
0,76,15
45,103,12
74,117,21
76,120,30
74,116,32
65,95,54
36,75,67
-17,41,67
-49,17,59
-49,2,50
-18,19,37
9,57,41
48,95,56
68,104,63
46,113,74
-1,91,85
-29,50,70
-23,5,32
-34,-20,20
-37,-24,12
-35,-24,8
-5,-11,10
10,-4,25
27,35,31
46,74,23
52,89,32
62,65,35
49,47,58
41,36,75
9,11,86
-6,0,87
-21,-10,60
-46,-20,28
-54,-8,29
-32,9,21
5,33,13
18,46,17
21,56,25
21,58,28
32,71,38
31,70,54
3,48,55
-35,8,40
-64,-19,17
-81,-39,8
-80,-48,-14
-57,-26,-39
-24,9,-35
-4,32,-1
-14,38,33
-18,39,47
-57,19,45
-71,-27,41
-91,-69,38
-87,-60,21
-85,-41,3
-79,-32,-18
-72,-15,-17
-25,-6,8
15,13,19
18,25,6
10,43,-1
-12,45,36
-22,8,50
-13,-20,50
-22,-33,42
-11,-22,7
12,10,-8
40,40,-14
55,52,-29
59,65,-25
58,59,-4
53,54,6
25,23,25
-18,-4,23
-37,-16,6
-39,-27,-2
-22,-31,-1
-14,-34,-13
-7,-13,-37
9,18,-44
30,44,-41
39,51,-25
43,31,9
47,6,21
47,-5,107
28,-19,37
2,-39,5
-20,-50,-10
-27,-24,-15
-32,0,-36
-16,27,-53
13,27,-51
41,41,-30
38,64,-19
35,72,-4
18,69,3
-24,48,23
-56,16,38
-68,1,26
-74,-2,20
-42,-37,2
-25,-135,-1
-8,-70,-2
0,13,-2
6,42,3
-1,29,14
-6,2,19
-15,-25,16
-28,-39,1
-40,-37,-8
-40,-36,-2
-32,-32,-13
-26,-116,-29
-9,-7,-25
11,54,-25
20,79,-24
13,64,-22
